age,income,loan_amount,approval_status
25,49.0,0.0,0
45,34.0,0.0,0
39,11.0,0.0,0
35,100.0,0.0,0
35,45.0,0.0,0
37,29.0,155.0,0
53,72.0,0.0,0
50,22.0,0.0,0
35,81.0,104.0,0
34,180.0,0.0,1
65,105.0,0.0,0
29,45.0,0.0,0
48,114.0,0.0,0
59,40.0,0.0,0
67,112.0,0.0,0
60,22.0,0.0,0
38,130.0,134.0,1
42,81.0,0.0,0
46,193.0,0.0,1
55,21.0,0.0,0
56,25.0,111.0,0
57,63.0,0.0,0
29,62.0,260.0,0
44,43.0,163.0,0
36,152.0,159.0,0
43,29.0,97.0,0
40,83.0,0.0,0
46,158.0,0.0,0
56,48.0,0.0,0
38,119.0,0.0,1
59,35.0,122.0,0
40,29.0,0.0,0
53,41.0,193.0,0
30,18.0,0.0,0
31,50.0,0.0,0
48,81.0,0.0,0
59,121.0,0.0,0
51,71.0,198.0,0
42,141.0,0.0,1
38,80.0,285.0,0
57,84.0,0.0,0
34,60.0,0.0,0
32,132.0,412.0,1
39,45.0,0.0,0
46,104.0,0.0,0
57,52.0,0.0,0
39,43.0,153.0,0
37,194.0,211.0,1
56,81.0,0.0,0
40,49.0,0.0,0
32,8.0,0.0,0
61,131.0,0.0,0
30,72.0,207.0,0
50,190.0,240.0,1
29,44.0,0.0,0
41,139.0,0.0,0
55,29.0,0.0,0
56,131.0,0.0,1
28,93.0,0.0,0
31,188.0,455.0,0
49,39.0,0.0,0
47,125.0,112.0,0
42,22.0,0.0,0
42,32.0,0.0,0
47,105.0,0.0,0
59,131.0,0.0,0
62,105.0,336.0,0
53,45.0,132.0,0
47,60.0,0.0,0
53,20.0,0.0,0
42,115.0,0.0,0
53,69.0,0.0,0
44,130.0,0.0,0
41,85.0,0.0,0
28,135.0,0.0,0
31,135.0,0.0,1
58,12.0,0.0,0
46,29.0,0.0,0
54,133.0,0.0,1
50,19.0,118.0,0
60,41.0,174.0,0
47,40.0,0.0,0
41,82.0,0.0,0
33,50.0,0.0,0
46,18.0,0.0,0
27,109.0,0.0,0
40,42.0,126.0,0
48,78.0,0.0,0
65,51.0,0.0,0
25,113.0,0.0,0
55,118.0,0.0,1
35,29.0,0.0,0
43,34.0,0.0,0
60,64.0,236.0,0
65,121.0,0.0,0
38,48.0,0.0,0
41,80.0,0.0,0
54,161.0,0.0,0
49,94.0,0.0,0
66,15.0,0.0,0
48,74.0,0.0,0
61,30.0,0.0,0
53,44.0,198.0,0
43,22.0,0.0,0
56,38.0,166.0,0
24,35.0,0.0,0
43,69.0,0.0,0
42,43.0,136.0,0
33,32.0,166.0,0
43,49.0,0.0,0
41,9.0,0.0,0
62,45.0,0.0,0
40,82.0,309.0,0
58,92.0,103.0,0
39,39.0,0.0,0
65,81.0,0.0,0
54,35.0,0.0,0
58,61.0,193.0,0
41,73.0,0.0,0
32,112.0,366.0,0
54,12.0,0.0,0
52,38.0,0.0,0
58,73.0,0.0,0
37,84.0,0.0,0
39,78.0,118.0,0
60,80.0,0.0,0
31,115.0,101.0,0
34,82.0,251.0,0
38,74.0,0.0,0
41,70.0,0.0,0
28,81.0,276.0,0
58,149.0,0.0,1
31,51.0,0.0,0
30,39.0,0.0,0
53,98.0,0.0,0
58,45.0,0.0,0
59,49.0,0.0,0
49,128.0,0.0,0
59,42.0,0.0,0
59,18.0,0.0,0
51,31.0,161.0,0
35,58.0,149.0,0
33,48.0,0.0,0
25,54.0,0.0,0
49,70.0,0.0,0
59,124.0,0.0,0
46,84.0,0.0,0
50,83.0,188.0,0
52,163.0,116.0,0
48,42.0,0.0,0
46,118.0,0.0,0
26,132.0,0.0,1
57,24.0,0.0,0
60,22.0,0.0,0
54,58.0,0.0,0
24,60.0,0.0,0
26,15.0,0.0,0
41,83.0,0.0,0
32,79.0,0.0,0
61,41.0,0.0,0
29,134.0,0.0,1
61,80.0,0.0,0
38,52.0,0.0,0
28,70.0,0.0,0
53,92.0,0.0,0
27,43.0,0.0,0
25,21.0,0.0,0
33,23.0,0.0,0
50,13.0,0.0,0
27,112.0,0.0,0
27,138.0,0.0,0
52,11.0,0.0,0
38,171.0,0.0,0
58,42.0,0.0,0
42,168.0,0.0,1
45,85.0,0.0,0
52,44.0,135.0,0
29,65.0,244.0,0
53,24.0,0.0,0
62,11.0,0.0,0
51,38.0,164.0,0
36,10.0,81.0,0
24,135.0,0.0,0
29,148.0,0.0,1
52,63.0,0.0,0
39,115.0,0.0,0
48,45.0,0.0,0
46,159.0,315.0,1
64,169.0,122.0,0
55,112.0,0.0,0
60,93.0,0.0,0
51,29.0,140.0,0
50,85.0,0.0,0
48,21.0,0.0,0
53,144.0,0.0,0
34,13.0,95.0,0
48,165.0,0.0,0
55,9.0,89.0,0
27,59.0,90.0,0
36,158.0,0.0,1
32,29.0,0.0,0
35,20.0,0.0,0
30,68.0,0.0,0
58,65.0,0.0,0
56,61.0,105.0,0
38,91.0,100.0,0
49,31.0,0.0,0
34,71.0,0.0,0
40,73.0,0.0,0
64,172.0,282.0,1
51,20.0,0.0,0
44,55.0,0.0,0
46,69.0,209.0,0
57,155.0,0.0,0
54,94.0,0.0,0
38,92.0,249.0,0
27,125.0,0.0,0
39,74.0,0.0,0
44,72.0,0.0,0
56,61.0,0.0,0
32,25.0,0.0,0
45,83.0,0.0,0
26,104.0,0.0,0
55,41.0,0.0,0
52,58.0,91.0,0
39,93.0,0.0,0
24,39.0,0.0,0
47,148.0,0.0,0
47,53.0,98.0,0
48,71.0,145.0,0
47,92.0,0.0,0
35,61.0,0.0,0
46,38.0,135.0,0
62,58.0,0.0,0
26,80.0,150.0,0
38,71.0,0.0,0
43,89.0,0.0,0
62,83.0,0.0,0
57,28.0,0.0,0
28,52.0,0.0,0
51,70.0,169.0,0
48,71.0,0.0,0
41,75.0,280.0,0
65,170.0,99.0,1
41,78.0,78.0,0
35,25.0,0.0,0
38,60.0,0.0,0
53,120.0,111.0,1
55,99.0,264.0,0
26,55.0,113.0,0
30,29.0,117.0,0
54,170.0,325.0,1
65,53.0,0.0,0
47,138.0,0.0,0
65,134.0,121.0,1
66,42.0,138.0,0
26,99.0,0.0,0
66,18.0,0.0,0
35,24.0,0.0,0
56,55.0,77.0,0
51,58.0,0.0,0
42,111.0,251.0,1
49,33.0,0.0,0
27,74.0,112.0,0
45,38.0,0.0,0
49,23.0,98.0,0
63,61.0,0.0,0
47,81.0,138.0,0
64,129.0,0.0,0
43,33.0,0.0,0
60,63.0,0.0,0
40,70.0,0.0,0
29,45.0,158.0,0
41,65.0,0.0,0
30,74.0,0.0,0
49,50.0,0.0,0
30,22.0,109.0,0
29,30.0,0.0,0
50,21.0,0.0,0
39,155.0,0.0,0
33,64.0,164.0,0
57,65.0,0.0,0
34,71.0,0.0,0
61,40.0,0.0,0
44,69.0,0.0,0
40,69.0,0.0,0
51,45.0,131.0,0
37,62.0,0.0,0
44,172.0,391.0,1
42,24.0,0.0,0
51,80.0,0.0,0
43,8.0,88.0,0
30,38.0,129.0,0
45,93.0,0.0,0
35,55.0,0.0,0
60,64.0,0.0,0
34,122.0,0.0,0
55,70.0,0.0,0
43,81.0,0.0,0
41,159.0,0.0,1
34,70.0,0.0,0
65,150.0,196.0,0
45,152.0,0.0,0
49,195.0,617.0,1
48,22.0,0.0,0
60,22.0,123.0,0
55,79.0,0.0,0
42,33.0,0.0,0
32,128.0,0.0,0
62,91.0,0.0,0
57,39.0,0.0,0
52,121.0,167.0,0
36,21.0,0.0,0
34,41.0,0.0,0
63,45.0,0.0,0
24,51.0,0.0,0
57,165.0,0.0,1
40,119.0,0.0,1
27,110.0,190.0,0
65,20.0,0.0,0
60,64.0,248.0,0
44,101.0,82.0,1
63,101.0,0.0,1
59,99.0,0.0,1
56,158.0,0.0,1
54,89.0,0.0,0
52,80.0,0.0,0
58,114.0,402.0,0
60,49.0,0.0,0
28,191.0,0.0,0
54,78.0,0.0,0
32,28.0,0.0,0
59,42.0,0.0,0
63,140.0,0.0,0
48,45.0,0.0,0
56,122.0,360.0,0
36,65.0,0.0,0
57,68.0,0.0,0
29,153.0,392.0,0
39,89.0,0.0,0
59,91.0,0.0,0
31,55.0,185.0,0
43,118.0,0.0,0
35,22.0,103.0,0
54,63.0,138.0,0
51,12.0,78.0,0
44,50.0,0.0,0
25,43.0,0.0,0
40,173.0,0.0,1
26,60.0,132.0,1
39,113.0,0.0,0
28,155.0,0.0,1
52,91.0,0.0,0
53,55.0,0.0,0
44,173.0,419.0,0
43,71.0,0.0,0
56,24.0,88.0,0
38,42.0,81.0,0
30,141.0,0.0,0
32,32.0,0.0,0
35,55.0,0.0,0
43,153.0,0.0,0
58,113.0,270.0,0
25,30.0,0.0,0
54,29.0,148.0,0
57,174.0,466.0,1
50,35.0,0.0,0
32,98.0,175.0,0
63,30.0,159.0,0
31,58.0,0.0,0
36,25.0,147.0,0
58,19.0,0.0,0
56,44.0,174.0,0
49,20.0,111.0,0
30,98.0,220.0,0
33,90.0,0.0,0
45,61.0,0.0,0
30,40.0,0.0,0
47,38.0,0.0,0
25,28.0,0.0,0
63,34.0,0.0,0
55,73.0,0.0,0
65,133.0,0.0,1
44,53.0,0.0,0
51,21.0,0.0,0
35,40.0,0.0,0
30,41.0,0.0,0
31,82.0,0.0,0
54,100.0,0.0,1
45,155.0,0.0,0
45,45.0,0.0,0
58,9.0,0.0,0
54,48.0,0.0,0
53,18.0,109.0,0
33,80.0,0.0,0
60,64.0,0.0,0
50,29.0,0.0,0
26,48.0,0.0,0
54,23.0,0.0,0
28,84.0,0.0,0
36,179.0,0.0,1
29,30.0,112.0,0
54,93.0,133.0,0
55,39.0,0.0,0
61,60.0,182.0,0
36,133.0,290.0,0
45,125.0,0.0,0
64,58.0,0.0,0
60,89.0,0.0,0
49,82.0,125.0,0
47,110.0,0.0,0
60,54.0,0.0,0
45,89.0,0.0,0
32,42.0,0.0,0
52,41.0,0.0,0
35,38.0,124.0,0
40,85.0,0.0,0
53,83.0,0.0,0
27,33.0,0.0,0
58,50.0,0.0,0
47,58.0,0.0,0
28,115.0,0.0,1
46,145.0,0.0,0
43,161.0,0.0,0
56,38.0,0.0,0
28,28.0,0.0,0
42,75.0,0.0,0
32,35.0,116.0,0
62,24.0,116.0,0
37,78.0,0.0,0
51,113.0,161.0,0
39,75.0,224.0,0
43,91.0,0.0,0
52,31.0,141.0,0
30,45.0,0.0,0
52,80.0,0.0,0
61,50.0,112.0,0
36,31.0,0.0,0
58,113.0,119.0,1
47,29.0,0.0,0
64,59.0,139.0,0
52,43.0,0.0,0
58,122.0,115.0,1
48,29.0,0.0,0
64,91.0,0.0,0
58,65.0,0.0,0
47,22.0,0.0,0
49,71.0,0.0,0
31,60.0,0.0,0
61,60.0,0.0,0
51,69.0,0.0,0
28,48.0,89.0,0
39,21.0,0.0,0
54,53.0,0.0,0
50,29.0,0.0,0
30,60.0,0.0,0
64,42.0,116.0,0
29,69.0,0.0,0
48,20.0,0.0,0
35,200.0,458.0,0
60,141.0,0.0,0
55,81.0,0.0,0
29,183.0,0.0,1
48,149.0,0.0,1
43,83.0,0.0,1
66,35.0,172.0,0
25,13.0,0.0,0
45,39.0,0.0,0
34,21.0,0.0,0
48,10.0,0.0,0
32,84.0,0.0,0
50,30.0,161.0,0
43,31.0,156.0,0
64,182.0,547.0,1
60,114.0,0.0,0
43,152.0,0.0,1
60,53.0,0.0,0
64,24.0,78.0,0
44,150.0,0.0,0
60,132.0,470.0,0
54,68.0,0.0,0
33,53.0,0.0,0
56,173.0,88.0,1
29,30.0,0.0,0
25,113.0,0.0,0
60,15.0,0.0,0
55,84.0,304.0,0
39,88.0,0.0,0
37,43.0,0.0,0
53,43.0,0.0,0
34,90.0,0.0,0
42,34.0,104.0,0
60,38.0,0.0,0
50,173.0,0.0,0
41,160.0,0.0,0
25,44.0,0.0,0
50,83.0,0.0,0
48,94.0,0.0,0
32,43.0,0.0,0
50,42.0,0.0,0
59,34.0,0.0,0
50,39.0,0.0,0
44,70.0,0.0,0
31,39.0,185.0,0
40,44.0,0.0,0
36,69.0,0.0,1
51,44.0,0.0,0
64,32.0,0.0,0
47,15.0,0.0,0
52,118.0,112.0,0
51,62.0,221.0,0
31,82.0,0.0,0
39,54.0,108.0,0
30,48.0,0.0,0
27,74.0,0.0,0
41,113.0,211.0,0
53,81.0,0.0,0
54,43.0,169.0,0
28,34.0,0.0,0
34,48.0,105.0,0
61,54.0,129.0,0
48,75.0,0.0,0
36,72.0,224.0,0
56,39.0,0.0,0
24,75.0,0.0,0
64,79.0,179.0,0
26,205.0,271.0,0
33,65.0,89.0,0
64,122.0,378.0,1
39,82.0,0.0,0
54,21.0,0.0,0
32,50.0,0.0,0
62,39.0,113.0,0
27,101.0,0.0,0
53,41.0,0.0,0
51,132.0,0.0,0
25,43.0,176.0,0
44,131.0,0.0,1
31,11.0,76.0,0
57,21.0,117.0,0
25,109.0,314.0,0
30,141.0,0.0,0
40,81.0,0.0,0
63,54.0,90.0,0
35,164.0,0.0,0
43,28.0,87.0,0
27,68.0,203.0,0
44,44.0,180.0,0
49,61.0,0.0,0
61,35.0,0.0,0
60,54.0,0.0,0
59,14.0,0.0,0
28,52.0,230.0,0
52,101.0,0.0,0
28,149.0,0.0,0
34,35.0,137.0,0
60,21.0,129.0,0
39,118.0,0.0,0
30,38.0,0.0,0
49,24.0,138.0,0
43,59.0,0.0,0
63,41.0,0.0,0
28,85.0,0.0,0
51,12.0,0.0,0
33,32.0,152.0,0
55,79.0,0.0,0
53,175.0,0.0,1
34,28.0,0.0,0
34,41.0,161.0,0
40,70.0,185.0,0
49,161.0,485.0,1
35,53.0,0.0,0
39,128.0,0.0,0
55,50.0,0.0,0
29,80.0,0.0,0
54,93.0,0.0,0
25,48.0,0.0,0
52,149.0,0.0,0
46,49.0,0.0,0
57,88.0,0.0,0
52,22.0,0.0,0
28,55.0,0.0,0
44,72.0,155.0,0
24,38.0,0.0,0
40,114.0,300.0,0
34,83.0,0.0,0
39,101.0,0.0,0
50,94.0,272.0,0
41,40.0,0.0,0
31,128.0,0.0,0
29,39.0,0.0,0
30,51.0,0.0,0
44,79.0,0.0,0
33,48.0,0.0,0
50,85.0,144.0,0
42,41.0,94.0,0
48,152.0,0.0,1
24,125.0,0.0,0
56,11.0,90.0,0
28,103.0,0.0,0
56,141.0,0.0,0
58,38.0,0.0,0
29,135.0,0.0,0
63,28.0,89.0,0
28,70.0,240.0,0
57,41.0,0.0,0
34,81.0,208.0,0
28,170.0,0.0,1
27,55.0,0.0,0
37,24.0,0.0,0
52,81.0,275.0,0
49,32.0,83.0,0
65,129.0,0.0,0
60,108.0,0.0,0
37,180.0,0.0,0
63,139.0,0.0,0
40,33.0,0.0,0
46,74.0,0.0,0
63,42.0,115.0,0
57,73.0,0.0,0
33,115.0,0.0,1
41,114.0,0.0,0
41,92.0,131.0,0
44,34.0,78.0,0
33,54.0,122.0,0
52,64.0,211.0,0
30,42.0,100.0,0
45,70.0,0.0,0
49,51.0,0.0,0
45,71.0,218.0,0
32,35.0,108.0,0
45,40.0,0.0,0
57,165.0,0.0,1
61,18.0,0.0,0
57,32.0,0.0,0
60,35.0,169.0,0
40,120.0,196.0,0
53,31.0,0.0,0
42,35.0,0.0,0
62,32.0,0.0,0
43,85.0,327.0,0
35,139.0,0.0,0
50,103.0,0.0,0
45,152.0,0.0,0
52,33.0,0.0,0
35,84.0,322.0,0
58,61.0,0.0,0
62,64.0,123.0,0
50,34.0,0.0,0
25,82.0,0.0,0
47,122.0,163.0,1
28,58.0,131.0,0
34,92.0,0.0,0
49,78.0,205.0,0
54,129.0,0.0,1
50,13.0,0.0,0
37,81.0,145.0,0
38,23.0,0.0,0
52,35.0,0.0,0
63,79.0,0.0,0
39,165.0,0.0,0
63,52.0,0.0,0
65,185.0,0.0,1
46,49.0,0.0,0
54,64.0,227.0,0
54,61.0,0.0,0
52,112.0,0.0,0
63,72.0,190.0,0
66,18.0,0.0,0
56,41.0,0.0,0
23,61.0,239.0,0
65,105.0,282.0,1
51,23.0,0.0,0
34,22.0,85.0,0
49,59.0,0.0,0
29,33.0,160.0,0
47,11.0,103.0,0
46,204.0,0.0,0
52,61.0,207.0,0
55,103.0,364.0,0
61,51.0,0.0,0
34,164.0,0.0,1
58,12.0,0.0,0
40,82.0,0.0,0
43,164.0,449.0,0
35,48.0,0.0,0
24,38.0,0.0,0
48,65.0,0.0,0
44,71.0,207.0,0
54,18.0,0.0,0
59,52.0,75.0,0
45,48.0,113.0,0
26,30.0,111.0,0
40,40.0,107.0,0
32,112.0,81.0,0
29,115.0,0.0,0
51,63.0,82.0,0
42,85.0,0.0,0
64,59.0,220.0,0
44,68.0,91.0,0
37,84.0,0.0,0
44,62.0,0.0,0
35,109.0,0.0,1
41,141.0,92.0,0
56,129.0,0.0,0
62,30.0,0.0,0
58,148.0,0.0,0
47,25.0,0.0,0
35,21.0,115.0,0
29,72.0,0.0,0
43,59.0,87.0,0
62,83.0,187.0,0
41,10.0,0.0,0
34,84.0,0.0,0
50,98.0,0.0,0
47,32.0,0.0,0
29,31.0,161.0,0
59,94.0,0.0,0
56,21.0,137.0,0
61,110.0,0.0,0
58,38.0,0.0,0
49,39.0,0.0,0
45,132.0,0.0,1
50,61.0,0.0,0
64,92.0,0.0,0
39,119.0,0.0,0
58,53.0,0.0,0
62,18.0,0.0,0
45,114.0,0.0,1
58,90.0,0.0,0
43,140.0,205.0,0
28,90.0,0.0,0
26,85.0,0.0,0
49,80.0,0.0,0
66,53.0,0.0,0
33,49.0,0.0,0
61,152.0,0.0,1
64,138.0,0.0,1
36,80.0,0.0,0
49,82.0,0.0,0
52,195.0,0.0,0
61,22.0,0.0,0
32,81.0,0.0,0
61,40.0,0.0,0
45,154.0,0.0,0
30,49.0,0.0,0
62,85.0,0.0,0
57,21.0,0.0,0
41,14.0,0.0,0
58,60.0,0.0,0
29,138.0,0.0,0
53,98.0,355.0,0
64,22.0,0.0,0
49,49.0,0.0,0
38,102.0,0.0,0
56,45.0,0.0,0
56,82.0,0.0,0
52,81.0,0.0,0
64,35.0,0.0,0
53,59.0,0.0,0
29,52.0,0.0,0
48,84.0,166.0,0
32,85.0,100.0,0
54,65.0,0.0,0
37,89.0,314.0,0
47,109.0,0.0,1
37,81.0,0.0,0
64,38.0,108.0,0
43,72.0,0.0,0
33,78.0,119.0,0
26,172.0,0.0,1
42,71.0,106.0,0
54,165.0,0.0,1
41,120.0,0.0,0
55,39.0,0.0,0
65,23.0,0.0,0
50,135.0,91.0,1
55,12.0,76.0,0
62,92.0,0.0,0
53,192.0,0.0,1
32,42.0,0.0,0
56,158.0,0.0,1
54,194.0,587.0,1
44,160.0,0.0,0
48,98.0,0.0,0
46,164.0,0.0,0
45,42.0,0.0,0
45,202.0,0.0,1
58,10.0,0.0,0
29,31.0,0.0,0
55,58.0,0.0,0
55,65.0,0.0,0
41,98.0,0.0,0
24,150.0,0.0,0
54,44.0,0.0,0
57,15.0,0.0,0
30,82.0,0.0,0
42,61.0,0.0,0
29,38.0,0.0,0
29,39.0,0.0,0
31,173.0,0.0,0
47,8.0,0.0,0
36,51.0,214.0,0
52,62.0,82.0,0
54,34.0,0.0,0
55,132.0,307.0,1
53,44.0,0.0,0
52,162.0,0.0,0
64,64.0,0.0,0
54,111.0,0.0,0
32,41.0,0.0,0
63,52.0,0.0,0
36,65.0,0.0,0
50,130.0,0.0,1
33,45.0,0.0,0
62,35.0,118.0,0
49,65.0,263.0,0
41,38.0,91.0,0
51,42.0,0.0,0
56,45.0,0.0,0
51,145.0,0.0,0
39,33.0,0.0,0
61,60.0,0.0,0
35,45.0,0.0,0
39,72.0,0.0,0
37,34.0,0.0,0
48,23.0,0.0,0
63,45.0,88.0,0
35,28.0,75.0,0
55,81.0,0.0,0
29,72.0,81.0,0
61,49.0,0.0,0
36,31.0,0.0,0
61,63.0,0.0,0
36,150.0,0.0,1
58,142.0,193.0,0
42,74.0,0.0,0
30,24.0,81.0,0
45,29.0,0.0,0
39,79.0,0.0,0
27,94.0,310.0,0
57,121.0,0.0,0
34,54.0,0.0,0
64,73.0,0.0,0
47,71.0,127.0,0
44,29.0,0.0,0
51,93.0,0.0,0
40,73.0,252.0,0
57,19.0,0.0,0
33,58.0,0.0,0
46,39.0,0.0,0
41,23.0,0.0,0
33,29.0,127.0,0
27,155.0,0.0,0
52,90.0,0.0,0
59,113.0,77.0,0
62,42.0,0.0,0
49,30.0,0.0,0
45,19.0,0.0,0
63,124.0,170.0,1
57,30.0,145.0,0
60,28.0,124.0,0
50,15.0,101.0,0
54,70.0,265.0,0
28,10.0,0.0,0
60,22.0,139.0,0
44,70.0,0.0,0
61,61.0,0.0,0
40,161.0,0.0,0
54,29.0,0.0,0
43,35.0,0.0,0
54,48.0,0.0,0
32,44.0,0.0,0
24,88.0,134.0,0
30,40.0,0.0,0
61,21.0,123.0,0
40,58.0,0.0,0
35,59.0,0.0,0
33,74.0,0.0,0
63,84.0,0.0,0
57,58.0,177.0,0
44,154.0,0.0,0
51,185.0,0.0,0
51,78.0,305.0,0
38,55.0,0.0,0
31,30.0,0.0,0
54,74.0,0.0,0
41,118.0,0.0,0
57,182.0,372.0,1
24,82.0,0.0,0
55,29.0,79.0,0
32,120.0,301.0,1
38,53.0,0.0,0
58,43.0,0.0,0
29,59.0,232.0,0
43,84.0,289.0,0
50,161.0,212.0,1
62,21.0,137.0,0
57,63.0,0.0,0
30,172.0,0.0,1
30,51.0,172.0,0
57,24.0,0.0,0
57,95.0,0.0,0
43,59.0,250.0,0
28,51.0,0.0,0
46,28.0,84.0,0
29,154.0,130.0,0
64,15.0,115.0,0
66,55.0,0.0,0
23,149.0,305.0,0
60,79.0,0.0,0
47,68.0,0.0,0
35,78.0,0.0,0
57,34.0,0.0,0
65,195.0,0.0,1
53,184.0,303.0,0
44,85.0,0.0,0
45,200.0,0.0,0
41,64.0,0.0,0
51,88.0,0.0,0
27,42.0,0.0,0
31,91.0,126.0,0
32,38.0,0.0,0
55,28.0,0.0,0
55,32.0,0.0,0
42,31.0,0.0,0
33,22.0,103.0,0
65,95.0,138.0,1
35,74.0,0.0,0
55,22.0,91.0,0
28,43.0,0.0,0
27,43.0,0.0,0
51,112.0,0.0,0
50,9.0,0.0,0
58,81.0,0.0,0
46,131.0,256.0,0
62,19.0,0.0,0
38,62.0,0.0,0
62,19.0,124.0,0
56,8.0,0.0,0
61,193.0,203.0,1
38,129.0,140.0,1
55,30.0,0.0,0
30,80.0,0.0,0
41,22.0,0.0,0
57,33.0,0.0,0
36,64.0,0.0,0
55,60.0,84.0,0
30,81.0,259.0,0
40,45.0,204.0,0
32,112.0,0.0,0
59,83.0,0.0,1
44,180.0,524.0,0
51,28.0,0.0,0
37,169.0,249.0,1
59,14.0,0.0,0
37,43.0,0.0,0
56,88.0,0.0,0
55,78.0,0.0,0
49,68.0,163.0,0
46,144.0,0.0,0
35,30.0,163.0,0
47,120.0,135.0,0
39,24.0,0.0,0
27,78.0,157.0,0
62,135.0,0.0,1
57,44.0,0.0,0
55,73.0,0.0,0
55,90.0,0.0,0
41,58.0,0.0,0
57,75.0,236.0,0
43,174.0,231.0,1
40,50.0,174.0,0
43,85.0,287.0,0
63,54.0,0.0,0
63,83.0,0.0,1
54,24.0,0.0,0
54,45.0,205.0,0
52,68.0,0.0,0
50,48.0,0.0,0
38,114.0,0.0,0
36,142.0,0.0,1
58,52.0,0.0,0
46,142.0,0.0,0
50,15.0,0.0,0
46,118.0,159.0,0
53,101.0,0.0,0
62,84.0,0.0,0
63,32.0,100.0,0
42,64.0,247.0,0
34,81.0,0.0,0
40,28.0,0.0,0
34,93.0,0.0,0
41,185.0,0.0,1
32,42.0,0.0,0
28,45.0,0.0,0
33,49.0,214.0,0
46,69.0,0.0,0
52,94.0,333.0,0
60,18.0,0.0,0
59,8.0,91.0,0
57,55.0,108.0,0
46,85.0,0.0,0
25,62.0,229.0,0
53,65.0,0.0,0
38,138.0,0.0,0
63,103.0,0.0,0
44,99.0,357.0,1
50,152.0,0.0,0
28,25.0,140.0,0
27,98.0,361.0,0
52,39.0,166.0,0
50,40.0,0.0,0
39,58.0,169.0,0
50,192.0,301.0,1
60,62.0,0.0,0
30,69.0,0.0,0
31,40.0,170.0,0
39,61.0,127.0,0
29,30.0,157.0,0
54,29.0,97.0,0
35,41.0,0.0,0
27,118.0,0.0,1
45,109.0,366.0,0
58,122.0,0.0,1
62,50.0,169.0,0
28,43.0,0.0,0
32,108.0,0.0,0
29,110.0,0.0,1
41,20.0,0.0,0
61,112.0,0.0,0
56,25.0,136.0,0
37,42.0,0.0,0
60,29.0,0.0,0
49,84.0,134.0,0
43,81.0,0.0,0
53,55.0,119.0,0
35,40.0,0.0,0
56,145.0,0.0,1
41,175.0,0.0,1
36,78.0,163.0,0
56,51.0,0.0,0
64,50.0,0.0,0
51,21.0,0.0,0
49,79.0,83.0,0
43,84.0,0.0,0
51,34.0,0.0,0
55,73.0,0.0,0
62,90.0,0.0,0
35,23.0,0.0,0
53,145.0,294.0,1
33,54.0,141.0,0
43,49.0,103.0,0
58,51.0,0.0,0
63,8.0,0.0,0
31,62.0,0.0,0
36,25.0,0.0,0
30,63.0,0.0,0
59,24.0,86.0,0
28,11.0,0.0,0
59,23.0,0.0,0
47,33.0,0.0,0
47,83.0,97.0,1
56,39.0,131.0,0
41,138.0,0.0,1
25,113.0,0.0,0
30,125.0,0.0,1
50,195.0,0.0,0
34,105.0,0.0,0
44,75.0,0.0,1
36,40.0,0.0,0
39,61.0,137.0,0
54,75.0,0.0,0
33,122.0,0.0,0
39,75.0,0.0,0
41,59.0,0.0,0
40,24.0,0.0,0
29,175.0,329.0,1
51,39.0,182.0,0
54,145.0,0.0,0
47,24.0,142.0,0
53,20.0,0.0,0
30,85.0,0.0,0
28,65.0,0.0,0
60,191.0,0.0,1
51,11.0,0.0,0
63,40.0,167.0,0
38,54.0,196.0,0
59,95.0,0.0,0
53,94.0,0.0,0
31,79.0,0.0,0
41,48.0,0.0,0
25,70.0,0.0,0
27,40.0,111.0,0
50,44.0,0.0,0
50,43.0,137.0,0
43,29.0,0.0,0
50,188.0,184.0,1
46,114.0,0.0,0
30,52.0,0.0,0
42,13.0,0.0,0
42,95.0,0.0,0
29,84.0,0.0,0
38,49.0,0.0,0
51,181.0,0.0,0
35,182.0,229.0,1
37,70.0,0.0,0
47,79.0,185.0,0
55,61.0,0.0,0
65,121.0,0.0,0
58,34.0,83.0,0
54,183.0,442.0,0
52,51.0,0.0,0
28,70.0,0.0,0
32,39.0,0.0,0
51,84.0,0.0,0
43,122.0,0.0,0
42,145.0,132.0,0
42,98.0,0.0,0
41,79.0,233.0,0
34,38.0,0.0,0
30,49.0,196.0,0
32,38.0,0.0,0
46,91.0,0.0,0
38,29.0,0.0,0
37,172.0,0.0,0
32,104.0,0.0,1
35,58.0,0.0,0
30,171.0,0.0,1
30,73.0,0.0,1
58,191.0,0.0,0
57,90.0,0.0,0
34,55.0,0.0,0
31,28.0,0.0,0
39,42.0,0.0,0
57,9.0,91.0,0
47,65.0,0.0,0
51,134.0,0.0,1
30,83.0,0.0,0
55,38.0,0.0,0
32,13.0,0.0,0
32,143.0,0.0,1
44,75.0,0.0,0
33,120.0,0.0,1
49,91.0,0.0,0
32,99.0,0.0,0
31,71.0,78.0,0
37,111.0,0.0,0
41,108.0,0.0,0
56,158.0,0.0,0
55,81.0,0.0,0
49,12.0,0.0,0
63,21.0,0.0,0
55,55.0,215.0,0
59,42.0,0.0,0
41,81.0,0.0,0
49,13.0,87.0,0
48,132.0,157.0,0
41,99.0,0.0,0
50,23.0,0.0,0
28,40.0,0.0,0
36,181.0,0.0,1
38,112.0,394.0,0
34,138.0,227.0,0
41,94.0,327.0,1
43,113.0,0.0,0
30,112.0,0.0,1
37,190.0,475.0,0
62,38.0,0.0,0
40,32.0,158.0,0
35,104.0,0.0,0
64,43.0,0.0,0
49,45.0,0.0,0
24,35.0,0.0,0
36,42.0,0.0,0
29,58.0,0.0,0
29,103.0,0.0,1
28,71.0,149.0,1
33,14.0,98.0,0
36,98.0,0.0,0
42,90.0,0.0,0
25,65.0,0.0,0
28,19.0,0.0,0
50,35.0,0.0,0
34,71.0,0.0,0
43,31.0,0.0,0
62,43.0,0.0,0
61,24.0,87.0,0
45,58.0,0.0,0
42,115.0,0.0,0
39,168.0,152.0,0
29,128.0,0.0,0
45,138.0,0.0,0
58,81.0,0.0,0
29,41.0,0.0,0
32,123.0,0.0,1
37,71.0,94.0,0
48,8.0,0.0,0
40,42.0,101.0,0
29,62.0,184.0,0
36,22.0,91.0,0
35,38.0,0.0,0
35,24.0,0.0,0
62,50.0,0.0,0
26,190.0,197.0,1
32,94.0,0.0,0
63,165.0,0.0,1
38,43.0,0.0,0
50,48.0,0.0,0
46,52.0,228.0,0
50,84.0,0.0,0
61,131.0,0.0,0
34,44.0,0.0,0
27,78.0,87.0,0
61,15.0,0.0,0
45,38.0,144.0,0
50,84.0,0.0,0
44,122.0,0.0,0
62,98.0,0.0,0
45,80.0,0.0,0
41,165.0,0.0,0
30,121.0,0.0,0
61,20.0,94.0,0
45,11.0,91.0,0
59,45.0,0.0,0
30,118.0,0.0,1
60,14.0,109.0,0
39,30.0,0.0,0
56,45.0,98.0,0
56,80.0,0.0,0
27,25.0,0.0,0
66,144.0,0.0,0
43,84.0,297.0,0
53,22.0,0.0,0
44,33.0,0.0,0
54,60.0,0.0,0
31,81.0,116.0,0
38,169.0,0.0,1
28,63.0,0.0,0
51,12.0,109.0,0
52,15.0,101.0,0
64,39.0,0.0,0
29,44.0,0.0,0
34,110.0,0.0,0
33,130.0,99.0,1
46,41.0,128.0,0
48,59.0,241.0,0
52,39.0,0.0,0
44,35.0,0.0,0
51,80.0,0.0,0
47,81.0,0.0,0
39,31.0,0.0,0
42,93.0,0.0,0
57,45.0,204.0,0
36,40.0,0.0,0
27,80.0,185.0,0
31,20.0,0.0,0
63,41.0,0.0,0
34,31.0,104.0,0
52,35.0,0.0,0
57,40.0,137.0,0
63,84.0,0.0,0
26,53.0,0.0,0
35,85.0,0.0,0
58,138.0,0.0,0
32,71.0,108.0,0
64,113.0,0.0,0
50,23.0,0.0,0
34,62.0,0.0,0
36,14.0,100.0,0
43,60.0,0.0,0
28,94.0,236.0,0
64,83.0,0.0,0
60,130.0,437.0,1
62,61.0,0.0,0
27,92.0,178.0,0
42,20.0,117.0,0
45,194.0,428.0,0
36,74.0,0.0,0
48,84.0,145.0,0
65,98.0,333.0,0
39,52.0,0.0,0
51,55.0,236.0,0
30,64.0,117.0,0
65,128.0,162.0,0
38,113.0,0.0,1
29,50.0,0.0,0
42,54.0,0.0,0
63,129.0,366.0,0
46,82.0,0.0,0
62,100.0,0.0,0
58,44.0,0.0,0
56,164.0,234.0,1
56,81.0,121.0,0
34,71.0,257.0,0
42,28.0,90.0,0
30,80.0,219.0,0
61,90.0,0.0,0
38,74.0,0.0,0
50,14.0,0.0,0
61,23.0,103.0,0
41,153.0,337.0,0
42,38.0,0.0,0
29,112.0,382.0,0
51,145.0,397.0,0
32,28.0,88.0,0
34,31.0,0.0,0
26,195.0,0.0,0
54,50.0,0.0,0
38,71.0,0.0,0
62,21.0,0.0,0
37,35.0,125.0,0
46,42.0,0.0,0
52,78.0,141.0,0
32,73.0,0.0,0
49,53.0,181.0,0
28,51.0,123.0,0
55,40.0,0.0,0
52,178.0,0.0,0
32,35.0,0.0,0
31,192.0,0.0,1
27,123.0,0.0,0
32,48.0,0.0,0
52,45.0,0.0,0
52,15.0,0.0,0
50,79.0,120.0,0
32,63.0,0.0,0
61,30.0,0.0,0
60,145.0,380.0,1
28,32.0,0.0,0
34,64.0,224.0,0
31,84.0,0.0,0
31,21.0,0.0,0
62,99.0,0.0,0
47,35.0,0.0,0
50,180.0,0.0,0
36,42.0,0.0,0
26,179.0,0.0,1
51,42.0,0.0,0
52,180.0,297.0,1
35,82.0,0.0,0
42,55.0,149.0,0
36,79.0,0.0,0
41,48.0,215.0,0
49,93.0,0.0,0
57,23.0,0.0,0
44,50.0,200.0,0
60,85.0,0.0,0
38,35.0,97.0,0
26,171.0,0.0,1
29,29.0,0.0,0
59,84.0,0.0,0
51,20.0,0.0,0
50,14.0,0.0,0
35,179.0,357.0,0
61,48.0,158.0,0
42,74.0,0.0,0
55,53.0,0.0,0
50,83.0,0.0,0
64,171.0,433.0,0
54,85.0,0.0,0
50,38.0,0.0,0
31,85.0,157.0,0
32,79.0,0.0,0
44,69.0,0.0,0
60,43.0,0.0,0
60,33.0,101.0,0
62,42.0,149.0,0
46,40.0,122.0,0
57,43.0,0.0,0
30,20.0,117.0,0
58,65.0,222.0,0
39,139.0,483.0,1
60,135.0,0.0,1
59,84.0,0.0,0
50,179.0,0.0,1
63,45.0,86.0,0
27,109.0,0.0,0
54,34.0,0.0,0
62,162.0,0.0,0
60,105.0,0.0,0
38,22.0,0.0,0
34,82.0,178.0,0
65,105.0,230.0,0
55,62.0,0.0,0
57,82.0,83.0,0
27,72.0,0.0,0
35,38.0,0.0,0
52,25.0,0.0,0
45,20.0,0.0,0
29,80.0,0.0,0
44,84.0,0.0,0
47,33.0,0.0,0
62,55.0,0.0,0
52,33.0,0.0,0
47,190.0,305.0,1
42,43.0,158.0,0
65,45.0,0.0,0
42,141.0,0.0,0
40,69.0,0.0,0
32,78.0,0.0,0
40,84.0,0.0,0
55,172.0,0.0,1
32,51.0,154.0,0
58,75.0,0.0,0
46,183.0,0.0,1
53,20.0,0.0,0
63,101.0,294.0,1
40,129.0,0.0,1
41,63.0,0.0,0
60,44.0,0.0,0
65,184.0,176.0,1
59,100.0,127.0,0
48,12.0,0.0,0
59,68.0,128.0,0
33,48.0,212.0,0
40,82.0,0.0,0
42,52.0,0.0,0
65,154.0,0.0,1
30,39.0,0.0,0
30,40.0,0.0,0
42,54.0,164.0,0
32,32.0,103.0,0
55,64.0,0.0,0
29,92.0,287.0,0
64,40.0,94.0,0
37,60.0,0.0,0
31,85.0,119.0,0
25,21.0,90.0,0
31,35.0,171.0,0
32,52.0,0.0,0
58,128.0,0.0,0
26,195.0,0.0,0
51,68.0,117.0,0
65,55.0,0.0,0
43,55.0,0.0,0
46,80.0,0.0,0
28,123.0,146.0,0
63,90.0,106.0,0
59,61.0,0.0,0
42,41.0,0.0,0
58,43.0,0.0,0
39,71.0,162.0,0
36,25.0,0.0,0
60,154.0,0.0,1
47,141.0,0.0,0
29,22.0,110.0,0
52,145.0,0.0,0
41,49.0,0.0,0
63,109.0,0.0,0
59,80.0,0.0,0
44,82.0,201.0,0
54,52.0,0.0,0
29,85.0,0.0,0
51,148.0,0.0,0
63,160.0,0.0,0
36,39.0,0.0,0
42,25.0,0.0,0
51,33.0,0.0,0
47,38.0,0.0,0
40,85.0,0.0,0
54,48.0,0.0,0
47,15.0,77.0,0
35,94.0,174.0,0
28,120.0,0.0,0
45,60.0,159.0,0
33,145.0,277.0,0
62,29.0,0.0,0
45,78.0,0.0,0
59,59.0,0.0,0
58,80.0,0.0,0
52,180.0,0.0,0
34,8.0,83.0,0
65,23.0,0.0,0
48,79.0,0.0,0
44,78.0,268.0,0
61,64.0,0.0,0
40,64.0,0.0,0
65,160.0,237.0,1
28,43.0,102.0,0
67,32.0,0.0,0
35,179.0,76.0,0
60,8.0,0.0,0
58,63.0,0.0,0
55,40.0,0.0,0
34,99.0,155.0,0
35,141.0,0.0,1
28,159.0,0.0,0
38,39.0,174.0,0
62,99.0,0.0,0
30,18.0,0.0,0
38,38.0,0.0,0
33,133.0,0.0,0
58,84.0,0.0,0
59,60.0,0.0,0
52,178.0,147.0,1
36,18.0,0.0,0
45,73.0,0.0,0
49,125.0,0.0,0
52,91.0,0.0,1
54,74.0,0.0,0
30,35.0,0.0,0
65,113.0,0.0,0
34,52.0,0.0,0
30,191.0,0.0,1
51,18.0,93.0,0
52,25.0,0.0,0
43,50.0,0.0,0
35,75.0,0.0,0
56,92.0,0.0,0
57,33.0,0.0,0
58,65.0,0.0,0
53,44.0,0.0,0
45,183.0,354.0,0
44,175.0,0.0,0
54,28.0,0.0,0
41,49.0,0.0,0
52,45.0,0.0,0
43,64.0,221.0,1
63,22.0,90.0,0
54,120.0,119.0,0
33,175.0,102.0,0
25,101.0,256.0,0
41,104.0,0.0,0
40,155.0,0.0,1
43,58.0,0.0,0
36,80.0,0.0,0
57,45.0,195.0,0
34,134.0,164.0,0
38,58.0,153.0,0
47,20.0,0.0,0
39,25.0,0.0,0
45,55.0,0.0,0
62,155.0,0.0,0
59,30.0,0.0,0
61,39.0,0.0,0
36,73.0,188.0,0
58,41.0,0.0,0
55,34.0,157.0,0
29,21.0,119.0,0
34,11.0,0.0,0
61,154.0,0.0,0
50,19.0,0.0,0
52,101.0,0.0,0
39,24.0,116.0,0
55,131.0,0.0,0
33,105.0,0.0,0
47,52.0,194.0,0
57,21.0,113.0,0
57,45.0,198.0,0
40,39.0,0.0,0
50,192.0,238.0,0
29,195.0,0.0,0
46,83.0,0.0,0
42,34.0,0.0,0
59,49.0,104.0,0
31,60.0,244.0,0
51,41.0,0.0,0
35,72.0,285.0,0
59,102.0,115.0,1
35,31.0,0.0,0
46,73.0,128.0,0
34,89.0,0.0,0
55,19.0,121.0,0
64,63.0,0.0,0
34,104.0,0.0,0
61,40.0,128.0,0
63,92.0,0.0,0
59,72.0,226.0,0
51,44.0,141.0,0
41,114.0,0.0,1
37,73.0,0.0,0
64,63.0,0.0,0
44,69.0,184.0,0
62,42.0,0.0,0
50,88.0,0.0,0
43,98.0,0.0,0
34,65.0,227.0,1
38,12.0,104.0,0
29,122.0,0.0,1
39,12.0,0.0,0
53,24.0,0.0,0
43,170.0,318.0,1
61,184.0,342.0,1
46,25.0,125.0,0
57,131.0,0.0,0
59,50.0,0.0,0
52,21.0,0.0,0
29,55.0,0.0,0
57,124.0,0.0,1
49,58.0,188.0,0
39,72.0,0.0,0
56,192.0,0.0,1
63,83.0,0.0,0
37,93.0,0.0,0
56,38.0,110.0,0
45,55.0,164.0,0
66,11.0,0.0,0
40,85.0,0.0,0
50,124.0,266.0,0
60,129.0,0.0,0
31,180.0,0.0,0
40,74.0,0.0,0
36,138.0,86.0,1
55,111.0,0.0,1
54,83.0,0.0,0
35,33.0,87.0,0
55,21.0,0.0,0
36,35.0,98.0,0
66,105.0,0.0,0
38,103.0,0.0,0
58,75.0,0.0,0
41,33.0,104.0,0
60,52.0,0.0,0
47,89.0,0.0,0
62,63.0,0.0,0
48,84.0,0.0,1
61,44.0,0.0,0
29,29.0,0.0,0
45,29.0,0.0,0
39,22.0,0.0,0
31,53.0,114.0,0
39,24.0,0.0,0
63,153.0,455.0,0
28,31.0,0.0,0
56,21.0,0.0,0
31,180.0,0.0,0
46,82.0,0.0,0
42,90.0,245.0,0
53,154.0,0.0,1
41,99.0,0.0,0
61,153.0,0.0,1
31,93.0,0.0,1
62,53.0,0.0,0
59,18.0,104.0,0
49,70.0,0.0,0
65,100.0,0.0,0
30,193.0,0.0,1
32,125.0,0.0,0
56,68.0,0.0,0
36,55.0,95.0,0
58,152.0,0.0,1
27,84.0,0.0,0
41,13.0,0.0,0
59,33.0,131.0,0
56,89.0,90.0,0
52,93.0,0.0,0
35,68.0,0.0,0
47,85.0,0.0,0
29,73.0,0.0,0
31,83.0,106.0,0
62,158.0,0.0,1
48,182.0,0.0,1
26,24.0,123.0,0
60,102.0,0.0,0
35,53.0,0.0,0
40,175.0,0.0,0
31,28.0,0.0,0
50,14.0,0.0,0
33,139.0,106.0,1
37,34.0,0.0,0
38,64.0,0.0,0
63,84.0,0.0,0
57,42.0,0.0,0
61,63.0,0.0,0
37,100.0,341.0,0
51,190.0,0.0,1
44,22.0,91.0,0
63,20.0,0.0,0
43,21.0,0.0,0
38,25.0,101.0,0
34,20.0,0.0,0
48,173.0,0.0,1
29,81.0,0.0,0
37,139.0,421.0,1
60,119.0,0.0,0
46,74.0,104.0,0
34,42.0,131.0,0
56,73.0,0.0,0
57,114.0,0.0,1
62,44.0,0.0,0
32,141.0,0.0,0
51,14.0,103.0,0
55,33.0,0.0,0
60,83.0,249.0,0
40,89.0,155.0,0
62,39.0,0.0,0
63,83.0,0.0,0
60,108.0,359.0,0
59,21.0,0.0,0
26,102.0,0.0,0
56,48.0,0.0,0
58,32.0,0.0,0
57,43.0,0.0,0
48,35.0,118.0,0
30,184.0,0.0,0
45,140.0,132.0,0
64,32.0,0.0,0
44,149.0,0.0,0
51,15.0,0.0,0
43,71.0,0.0,0
29,108.0,0.0,0
56,122.0,0.0,0
65,40.0,0.0,0
46,198.0,0.0,0
48,79.0,0.0,0
56,84.0,0.0,0
61,31.0,0.0,0
46,12.0,0.0,0
58,88.0,0.0,0
31,29.0,131.0,0
27,201.0,158.0,0
44,20.0,0.0,0
44,15.0,0.0,0
51,155.0,107.0,0
39,25.0,0.0,0
32,200.0,565.0,0
33,101.0,233.0,0
40,19.0,0.0,0
36,188.0,0.0,0
52,8.0,0.0,0
54,59.0,152.0,0
26,72.0,0.0,0
39,55.0,0.0,0
46,24.0,0.0,0
57,19.0,0.0,0
59,71.0,150.0,0
52,54.0,0.0,0
52,28.0,0.0,0
50,25.0,0.0,0
41,51.0,0.0,0
43,125.0,0.0,1
25,88.0,319.0,0
40,125.0,0.0,0
35,79.0,182.0,0
60,31.0,0.0,0
57,131.0,394.0,0
44,70.0,230.0,0
61,38.0,82.0,0
33,83.0,0.0,0
45,59.0,0.0,0
45,121.0,0.0,0
64,42.0,137.0,0
50,32.0,109.0,0
28,29.0,135.0,0
37,40.0,0.0,0
62,25.0,0.0,0
29,21.0,89.0,0
49,79.0,151.0,0
46,52.0,221.0,0
60,61.0,229.0,0
55,25.0,0.0,0
33,155.0,0.0,1
53,25.0,0.0,0
50,80.0,0.0,0
28,55.0,0.0,0
42,23.0,0.0,0
33,60.0,0.0,0
40,54.0,0.0,0
31,44.0,0.0,0
41,33.0,0.0,0
52,45.0,121.0,0
65,55.0,89.0,0
48,134.0,0.0,0
45,44.0,0.0,0
26,149.0,154.0,0
64,22.0,0.0,0
41,74.0,0.0,0
43,128.0,84.0,1
60,62.0,0.0,0
62,9.0,94.0,0
46,9.0,0.0,0
36,15.0,119.0,0
31,28.0,0.0,0
43,83.0,0.0,0
46,73.0,117.0,0
50,42.0,151.0,0
52,34.0,114.0,0
27,32.0,0.0,0
34,68.0,0.0,0
49,82.0,267.0,0
52,19.0,0.0,0
37,60.0,181.0,0
53,192.0,601.0,0
54,119.0,0.0,1
29,190.0,0.0,0
35,34.0,0.0,0
32,44.0,0.0,0
38,23.0,0.0,0
44,171.0,567.0,1
44,43.0,0.0,0
48,139.0,0.0,0
46,118.0,0.0,0
35,113.0,0.0,1
56,98.0,0.0,1
49,70.0,0.0,0
57,42.0,0.0,0
35,143.0,0.0,0
44,185.0,0.0,1
38,28.0,100.0,0
57,45.0,181.0,0
35,78.0,0.0,0
29,121.0,0.0,0
58,59.0,0.0,0
40,64.0,0.0,0
51,15.0,114.0,0
61,10.0,0.0,0
46,61.0,0.0,0
55,50.0,0.0,0
35,79.0,0.0,0
60,35.0,0.0,0
28,11.0,0.0,0
43,128.0,0.0,0
61,55.0,0.0,0
48,79.0,0.0,0
65,18.0,0.0,0
45,91.0,0.0,0
36,9.0,0.0,0
45,62.0,0.0,0
60,59.0,231.0,0
47,25.0,148.0,0
32,54.0,0.0,0
48,112.0,86.0,1
33,125.0,0.0,0
49,194.0,0.0,1
56,161.0,0.0,1
59,35.0,171.0,0
56,113.0,352.0,0
30,25.0,0.0,0
59,45.0,0.0,0
38,119.0,221.0,0
47,30.0,115.0,0
54,79.0,0.0,0
34,178.0,0.0,1
41,23.0,118.0,0
47,171.0,284.0,0
44,74.0,0.0,0
43,103.0,180.0,0
31,99.0,0.0,0
28,43.0,0.0,0
55,23.0,88.0,0
42,91.0,199.0,0
53,93.0,256.0,0
30,154.0,0.0,0
65,21.0,0.0,0
43,65.0,0.0,0
56,15.0,0.0,0
25,52.0,159.0,0
35,30.0,0.0,0
50,42.0,0.0,0
36,20.0,97.0,0
34,60.0,0.0,0
32,54.0,167.0,0
51,60.0,97.0,0
52,41.0,0.0,0
65,30.0,0.0,0
51,21.0,0.0,0
37,105.0,0.0,0
35,65.0,240.0,0
67,20.0,80.0,0
30,179.0,142.0,1
62,161.0,0.0,0
42,82.0,0.0,0
48,43.0,112.0,0
61,61.0,0.0,0
36,90.0,0.0,0
48,90.0,334.0,0
65,21.0,0.0,0
25,118.0,0.0,0
55,44.0,0.0,0
63,110.0,0.0,1
31,99.0,268.0,0
43,98.0,0.0,0
28,69.0,80.0,0
37,82.0,218.0,0
27,112.0,389.0,0
62,123.0,0.0,0
51,78.0,0.0,0
56,59.0,159.0,0
56,78.0,0.0,0
44,49.0,89.0,0
46,82.0,0.0,0
56,125.0,342.0,1
56,185.0,0.0,0
57,163.0,0.0,0
31,19.0,104.0,0
65,115.0,0.0,0
31,81.0,0.0,0
36,93.0,0.0,0
56,111.0,372.0,1
52,184.0,0.0,0
42,50.0,0.0,0
55,55.0,0.0,0
49,13.0,101.0,0
51,29.0,0.0,0
26,72.0,0.0,0
32,83.0,0.0,0
54,98.0,0.0,0
50,43.0,0.0,0
59,34.0,0.0,0
61,10.0,0.0,0
43,201.0,0.0,0
39,85.0,107.0,0
56,50.0,0.0,0
38,91.0,0.0,0
25,112.0,241.0,0
42,98.0,275.0,0
42,115.0,0.0,0
50,22.0,112.0,0
56,101.0,0.0,0
43,83.0,112.0,0
60,52.0,0.0,0
42,191.0,0.0,1
57,134.0,198.0,1
48,54.0,186.0,0
37,69.0,0.0,0
57,64.0,0.0,0
62,53.0,142.0,0
39,118.0,246.0,1
38,19.0,120.0,0
54,31.0,0.0,0
45,63.0,245.0,0
39,25.0,0.0,0
45,22.0,0.0,0
62,78.0,0.0,0
43,81.0,218.0,0
30,41.0,0.0,0
35,62.0,0.0,0
58,35.0,0.0,0
44,30.0,0.0,0
56,51.0,0.0,0
28,140.0,0.0,0
64,73.0,185.0,0
63,40.0,0.0,0
44,69.0,0.0,0
34,191.0,0.0,1
50,82.0,0.0,0
51,181.0,589.0,1
30,38.0,0.0,0
55,23.0,0.0,0
57,55.0,0.0,0
43,58.0,0.0,0
61,29.0,0.0,0
49,39.0,0.0,0
52,39.0,83.0,0
57,30.0,151.0,0
53,58.0,0.0,0
52,62.0,231.0,0
39,62.0,86.0,0
58,19.0,0.0,0
36,38.0,0.0,0
45,84.0,0.0,0
30,78.0,0.0,0
49,22.0,83.0,0
44,81.0,277.0,0
43,32.0,0.0,0
42,89.0,184.0,0
29,121.0,0.0,0
28,42.0,0.0,0
50,130.0,0.0,0
44,30.0,0.0,0
52,114.0,0.0,0
28,155.0,0.0,0
62,50.0,0.0,0
34,34.0,111.0,0
45,94.0,0.0,0
52,114.0,0.0,0
43,89.0,108.0,0
54,49.0,0.0,0
64,115.0,0.0,0
27,148.0,397.0,0
42,72.0,203.0,0
28,114.0,0.0,0
47,11.0,78.0,0
39,63.0,242.0,0
29,113.0,0.0,0
39,80.0,0.0,0
41,54.0,0.0,0
37,32.0,0.0,0
41,11.0,0.0,0
45,141.0,0.0,0
52,84.0,0.0,0
58,18.0,110.0,0
31,20.0,0.0,0
26,55.0,175.0,0
31,31.0,79.0,0
42,114.0,0.0,0
56,52.0,0.0,0
52,18.0,120.0,0
59,55.0,0.0,0
32,29.0,76.0,0
46,30.0,0.0,0
52,38.0,0.0,0
30,122.0,0.0,0
32,183.0,0.0,0
35,41.0,0.0,0
49,38.0,0.0,0
54,61.0,0.0,0
56,103.0,0.0,1
48,80.0,0.0,0
28,22.0,0.0,0
44,128.0,0.0,1
30,142.0,359.0,1
44,124.0,0.0,0
30,44.0,143.0,0
47,170.0,0.0,1
64,75.0,0.0,0
48,78.0,0.0,0
63,31.0,125.0,0
25,99.0,323.0,0
61,41.0,0.0,0
46,39.0,0.0,0
57,51.0,0.0,0
40,52.0,113.0,0
49,169.0,167.0,1
30,141.0,0.0,0
41,93.0,218.0,0
42,14.0,0.0,0
63,160.0,0.0,0
43,44.0,0.0,0
59,33.0,0.0,0
46,103.0,0.0,1
33,71.0,236.0,0
55,55.0,151.0,0
36,113.0,0.0,1
47,79.0,185.0,0
59,80.0,0.0,0
38,179.0,380.0,0
42,9.0,0.0,0
30,61.0,0.0,0
63,111.0,207.0,0
60,80.0,0.0,0
62,32.0,0.0,0
49,83.0,0.0,0
59,91.0,329.0,0
36,29.0,0.0,0
46,19.0,0.0,0
35,52.0,0.0,0
50,150.0,0.0,0
51,32.0,0.0,0
41,91.0,0.0,0
45,180.0,535.0,1
41,121.0,0.0,0
57,25.0,0.0,0
51,102.0,0.0,0
52,44.0,107.0,0
43,161.0,0.0,1
63,134.0,0.0,1
28,43.0,0.0,0
43,94.0,0.0,0
41,29.0,98.0,0
34,38.0,0.0,0
28,120.0,170.0,0
58,85.0,161.0,0
39,89.0,0.0,0
49,25.0,0.0,0
33,20.0,83.0,0
37,125.0,0.0,0
33,18.0,0.0,0
28,173.0,222.0,0
54,34.0,0.0,0
63,159.0,111.0,1
57,55.0,219.0,0
56,32.0,0.0,0
54,65.0,0.0,0
29,83.0,0.0,0
41,30.0,0.0,0
58,180.0,0.0,0
61,13.0,0.0,0
30,35.0,0.0,0
62,95.0,0.0,0
52,83.0,0.0,0
29,39.0,137.0,0
46,54.0,154.0,0
52,81.0,293.0,0
40,53.0,0.0,0
49,119.0,398.0,0
34,160.0,0.0,1
35,21.0,0.0,0
26,40.0,0.0,0
65,69.0,0.0,0
52,45.0,0.0,0
32,55.0,0.0,0
31,38.0,0.0,0
36,44.0,101.0,0
50,45.0,117.0,0
36,84.0,0.0,0
51,188.0,343.0,1
39,29.0,151.0,0
53,95.0,0.0,0
50,79.0,307.0,0
31,41.0,0.0,0
53,19.0,84.0,0
48,75.0,0.0,0
57,64.0,208.0,0
47,174.0,0.0,1
55,54.0,93.0,0
37,14.0,113.0,0
59,94.0,272.0,0
53,10.0,0.0,0
31,145.0,84.0,0
35,203.0,0.0,1
25,81.0,0.0,0
37,153.0,0.0,0
40,58.0,0.0,0
31,49.0,0.0,0
62,132.0,0.0,0
41,85.0,229.0,0
56,85.0,0.0,0
47,178.0,0.0,1
28,104.0,0.0,0
60,40.0,0.0,0
27,103.0,120.0,0
57,25.0,0.0,0
62,69.0,0.0,0
57,30.0,0.0,0
44,70.0,0.0,0
31,15.0,0.0,0
31,125.0,0.0,0
39,50.0,0.0,0
41,44.0,0.0,0
41,38.0,180.0,0
55,64.0,119.0,0
28,9.0,0.0,0
35,44.0,89.0,0
44,93.0,101.0,0
44,83.0,141.0,0
40,179.0,0.0,0
65,40.0,0.0,0
35,58.0,232.0,0
55,74.0,0.0,0
55,15.0,0.0,0
59,11.0,0.0,0
39,41.0,176.0,0
50,68.0,120.0,0
45,28.0,0.0,0
50,115.0,0.0,1
65,83.0,247.0,0
36,40.0,166.0,0
57,113.0,0.0,0
53,89.0,0.0,0
28,38.0,0.0,0
55,62.0,0.0,0
56,65.0,109.0,0
33,168.0,0.0,1
57,40.0,0.0,0
27,30.0,80.0,0
27,20.0,0.0,0
54,58.0,0.0,0
48,150.0,193.0,0
62,54.0,0.0,0
41,19.0,105.0,0
62,30.0,128.0,0
40,123.0,0.0,0
32,45.0,0.0,0
62,154.0,0.0,0
35,93.0,0.0,0
25,71.0,78.0,0
50,83.0,0.0,1
61,99.0,255.0,1
43,55.0,0.0,0
52,38.0,95.0,0
39,74.0,155.0,0
33,69.0,0.0,0
27,104.0,184.0,0
27,38.0,154.0,0
32,25.0,0.0,0
65,162.0,0.0,0
55,64.0,0.0,0
52,30.0,0.0,0
39,52.0,0.0,0
35,42.0,0.0,0
39,79.0,219.0,0
34,34.0,164.0,0
30,123.0,0.0,0
37,160.0,0.0,0
41,51.0,0.0,0
31,108.0,0.0,0
37,158.0,0.0,1
49,68.0,0.0,0
58,42.0,0.0,0
45,32.0,105.0,0
40,22.0,0.0,0
34,29.0,0.0,0
62,183.0,0.0,1
54,69.0,0.0,0
26,92.0,0.0,0
54,40.0,0.0,0
29,9.0,86.0,0
48,128.0,0.0,0
27,110.0,294.0,0
42,171.0,0.0,0
25,13.0,95.0,0
45,25.0,102.0,0
34,123.0,0.0,1
51,33.0,83.0,0
51,189.0,0.0,1
60,34.0,0.0,0
59,58.0,0.0,0
49,51.0,98.0,0
50,29.0,0.0,0
41,111.0,0.0,0
49,43.0,0.0,0
50,130.0,311.0,0
63,20.0,76.0,0
63,101.0,0.0,0
33,48.0,207.0,0
38,180.0,158.0,1
64,92.0,185.0,0
36,33.0,0.0,0
58,51.0,0.0,0
39,31.0,94.0,0
46,83.0,0.0,0
61,45.0,0.0,0
53,89.0,146.0,0
28,193.0,0.0,1
64,89.0,0.0,0
48,162.0,446.0,1
38,9.0,0.0,0
52,58.0,223.0,0
65,80.0,0.0,0
59,73.0,0.0,0
45,41.0,0.0,0
53,74.0,0.0,0
38,29.0,0.0,0
54,25.0,115.0,0
25,98.0,0.0,0
61,59.0,0.0,0
48,43.0,0.0,0
46,72.0,149.0,0
36,183.0,0.0,1
46,134.0,146.0,0
59,140.0,262.0,0
59,39.0,0.0,0
36,35.0,0.0,0
63,141.0,0.0,0
51,23.0,0.0,0
30,134.0,0.0,0
48,35.0,0.0,0
55,42.0,0.0,0
41,81.0,167.0,0
26,14.0,94.0,0
41,45.0,172.0,0
54,79.0,150.0,0
57,53.0,120.0,0
54,33.0,0.0,0
35,190.0,266.0,1
60,60.0,103.0,0
63,8.0,97.0,0
41,38.0,150.0,0
46,154.0,0.0,0
31,54.0,0.0,0
58,41.0,0.0,0
59,25.0,75.0,0
46,53.0,109.0,0
33,79.0,0.0,0
56,13.0,76.0,0
47,130.0,0.0,0
59,93.0,0.0,0
24,82.0,0.0,0
39,15.0,92.0,0
30,150.0,0.0,1
55,131.0,0.0,1
47,28.0,0.0,0
35,9.0,0.0,0
47,88.0,0.0,0
38,143.0,0.0,0
38,168.0,0.0,1
27,105.0,0.0,1
42,62.0,0.0,0
26,51.0,0.0,0
60,101.0,0.0,0
27,90.0,0.0,0
27,83.0,0.0,0
40,21.0,0.0,0
40,115.0,0.0,0
29,172.0,0.0,1
30,32.0,0.0,0
30,204.0,0.0,0
47,34.0,0.0,0
33,30.0,132.0,0
57,31.0,0.0,0
38,90.0,0.0,0
54,79.0,0.0,0
47,22.0,0.0,0
48,114.0,0.0,1
62,42.0,128.0,0
30,29.0,90.0,0
35,72.0,0.0,0
59,68.0,95.0,0
38,78.0,0.0,0
47,90.0,323.0,0
57,170.0,0.0,1
42,14.0,0.0,0
39,129.0,0.0,0
53,39.0,87.0,0
27,82.0,0.0,0
59,31.0,0.0,0
48,9.0,0.0,0
62,15.0,91.0,0
66,70.0,0.0,0
38,84.0,0.0,0
42,155.0,0.0,0
47,89.0,0.0,0
27,170.0,0.0,1
32,185.0,0.0,0
37,82.0,0.0,0
56,60.0,0.0,0
39,58.0,0.0,0
36,29.0,81.0,0
32,32.0,0.0,0
62,115.0,0.0,0
48,83.0,0.0,0
58,54.0,0.0,0
27,112.0,0.0,0
52,182.0,0.0,1
54,112.0,0.0,0
31,129.0,319.0,1
60,23.0,112.0,0
34,198.0,422.0,0
46,84.0,0.0,0
41,39.0,0.0,0
62,129.0,0.0,0
31,113.0,315.0,0
41,35.0,114.0,0
55,85.0,0.0,0
45,73.0,0.0,0
51,70.0,0.0,0
27,130.0,192.0,1
30,39.0,0.0,0
31,72.0,242.0,0
61,68.0,0.0,0
40,35.0,0.0,0
45,61.0,0.0,0
45,69.0,0.0,0
37,59.0,0.0,0
34,99.0,217.0,0
43,201.0,0.0,1
42,130.0,0.0,0
56,72.0,0.0,0
33,44.0,0.0,0
36,91.0,289.0,0
62,92.0,310.0,0
58,55.0,168.0,0
65,20.0,102.0,0
65,89.0,299.0,1
52,59.0,239.0,0
64,8.0,87.0,0
51,85.0,0.0,0
59,94.0,76.0,0
52,22.0,0.0,0
55,74.0,0.0,0
46,59.0,0.0,0
61,12.0,0.0,0
35,8.0,0.0,0
56,74.0,0.0,0
31,184.0,0.0,1
44,34.0,0.0,0
53,63.0,0.0,0
36,123.0,0.0,1
27,85.0,0.0,0
36,109.0,0.0,1
40,31.0,0.0,0
39,61.0,90.0,0
59,88.0,0.0,0
43,22.0,0.0,0
30,63.0,0.0,0
26,80.0,0.0,0
48,78.0,0.0,0
50,45.0,93.0,0
33,51.0,0.0,0
32,111.0,0.0,0
34,45.0,153.0,0
33,184.0,0.0,1
32,41.0,112.0,0
55,69.0,0.0,0
58,23.0,0.0,0
47,160.0,0.0,0
30,61.0,251.0,0
42,110.0,182.0,0
40,50.0,0.0,0
33,49.0,0.0,0
46,185.0,428.0,1
63,52.0,0.0,0
62,53.0,0.0,0
43,125.0,0.0,1
31,72.0,0.0,0
28,51.0,0.0,0
64,23.0,0.0,0
27,41.0,0.0,0
33,41.0,108.0,0
39,138.0,0.0,1
44,138.0,0.0,0
53,14.0,0.0,0
42,145.0,505.0,0
44,25.0,0.0,0
34,43.0,142.0,0
47,93.0,309.0,0
53,90.0,217.0,0
62,41.0,154.0,0
61,169.0,106.0,1
42,63.0,0.0,0
48,23.0,95.0,0
38,140.0,0.0,1
41,75.0,0.0,0
57,13.0,78.0,0
31,10.0,81.0,0
39,100.0,0.0,0
48,85.0,203.0,0
55,73.0,219.0,0
29,130.0,0.0,0
47,65.0,0.0,0
61,59.0,148.0,0
60,31.0,0.0,0
34,134.0,0.0,0
45,11.0,106.0,0
60,32.0,80.0,0
25,53.0,0.0,0
41,28.0,0.0,0
63,44.0,0.0,0
63,40.0,118.0,0
43,40.0,0.0,0
58,163.0,400.0,0
50,82.0,0.0,0
38,89.0,0.0,0
54,78.0,0.0,0
61,55.0,197.0,0
29,34.0,0.0,0
39,108.0,301.0,1
33,58.0,0.0,0
23,73.0,0.0,0
56,54.0,0.0,0
54,45.0,0.0,0
37,123.0,0.0,1
38,93.0,267.0,0
34,102.0,0.0,0
53,39.0,0.0,0
65,114.0,0.0,0
62,29.0,0.0,0
51,30.0,144.0,0
31,22.0,0.0,0
64,38.0,186.0,0
39,41.0,0.0,0
28,161.0,422.0,1
60,38.0,0.0,0
47,25.0,0.0,0
25,70.0,218.0,0
44,201.0,0.0,0
51,42.0,0.0,0
31,64.0,0.0,0
32,28.0,0.0,0
51,119.0,208.0,0
25,28.0,0.0,0
43,60.0,0.0,0
54,23.0,0.0,0
34,164.0,0.0,1
54,39.0,0.0,0
42,19.0,85.0,0
46,72.0,0.0,0
62,41.0,0.0,0
31,32.0,130.0,0
30,69.0,0.0,0
52,23.0,0.0,0
35,44.0,0.0,0
60,32.0,165.0,0
58,25.0,123.0,0
24,80.0,0.0,0
40,83.0,230.0,0
49,133.0,0.0,0
43,89.0,307.0,0
33,81.0,187.0,0
36,44.0,85.0,0
62,119.0,0.0,0
57,39.0,147.0,0
64,40.0,0.0,0
52,79.0,183.0,0
54,30.0,0.0,0
40,179.0,0.0,1
30,178.0,0.0,0
55,82.0,0.0,0
39,50.0,0.0,0
55,64.0,0.0,0
28,129.0,0.0,0
44,68.0,0.0,0
46,30.0,112.0,0
61,48.0,0.0,0
61,130.0,257.0,0
45,40.0,0.0,0
38,105.0,0.0,0
29,41.0,0.0,0
52,168.0,118.0,1
38,80.0,0.0,0
28,134.0,0.0,0
34,49.0,0.0,0
35,63.0,0.0,0
46,70.0,212.0,0
63,32.0,141.0,0
33,14.0,114.0,0
38,111.0,326.0,0
53,38.0,144.0,0
28,121.0,341.0,0
44,90.0,0.0,0
58,178.0,0.0,1
38,20.0,79.0,0
48,61.0,229.0,0
33,43.0,0.0,0
66,39.0,0.0,0
59,60.0,234.0,0
40,63.0,0.0,0
36,8.0,81.0,0
62,52.0,0.0,0
51,92.0,0.0,1
58,111.0,298.0,0
52,71.0,0.0,0
41,25.0,91.0,0
31,34.0,156.0,0
28,74.0,0.0,0
57,120.0,0.0,0
61,50.0,0.0,0
60,10.0,0.0,0
56,45.0,113.0,0
49,29.0,0.0,0
63,145.0,0.0,0
49,100.0,0.0,0
49,24.0,0.0,0
32,60.0,0.0,0
26,50.0,0.0,0
27,43.0,0.0,0
57,79.0,0.0,0
29,44.0,0.0,0
56,31.0,0.0,0
59,14.0,107.0,0
53,19.0,106.0,0
54,111.0,0.0,1
56,90.0,0.0,0
50,21.0,129.0,0
51,104.0,0.0,1
53,75.0,0.0,0
37,175.0,297.0,0
32,98.0,171.0,1
49,41.0,153.0,0
34,171.0,569.0,1
54,79.0,0.0,0
64,24.0,0.0,0
58,90.0,0.0,1
25,39.0,0.0,0
50,9.0,0.0,0
38,15.0,90.0,0
48,80.0,0.0,0
41,63.0,79.0,0
32,20.0,102.0,0
46,43.0,0.0,0
39,65.0,0.0,0
39,91.0,151.0,0
63,53.0,0.0,0
58,110.0,0.0,0
28,82.0,103.0,0
36,23.0,0.0,0
43,172.0,0.0,0
36,88.0,0.0,0
44,71.0,0.0,0
31,180.0,144.0,1
45,39.0,184.0,0
39,94.0,0.0,0
43,25.0,0.0,0
40,10.0,102.0,0
30,42.0,184.0,0
58,142.0,0.0,0
46,34.0,0.0,0
35,139.0,0.0,0
30,154.0,207.0,0
34,40.0,89.0,0
62,33.0,140.0,0
58,80.0,0.0,0
45,10.0,100.0,0
42,41.0,0.0,0
60,30.0,118.0,0
55,78.0,190.0,0
45,164.0,0.0,0
52,23.0,0.0,0
31,149.0,0.0,0
60,25.0,0.0,0
33,42.0,0.0,0
37,71.0,185.0,0
59,114.0,0.0,1
51,70.0,0.0,0
47,149.0,0.0,1
60,55.0,0.0,0
61,29.0,0.0,0
64,123.0,0.0,0
46,152.0,374.0,1
31,8.0,0.0,0
57,69.0,245.0,0
48,161.0,310.0,1
48,79.0,0.0,0
35,105.0,0.0,0
33,39.0,0.0,0
47,163.0,0.0,0
46,9.0,0.0,0
44,71.0,0.0,0
42,51.0,0.0,0
50,32.0,167.0,0
52,161.0,0.0,1
53,60.0,0.0,0
37,35.0,0.0,0
64,41.0,0.0,0
46,73.0,216.0,0
57,49.0,214.0,0
61,79.0,194.0,0
42,120.0,0.0,0
40,60.0,0.0,0
33,78.0,0.0,0
50,40.0,131.0,0
52,110.0,204.0,1
35,160.0,0.0,1
57,68.0,191.0,0
56,49.0,103.0,0
44,65.0,0.0,0
23,55.0,145.0,0
33,62.0,98.0,0
48,152.0,0.0,0
45,42.0,0.0,0
54,39.0,0.0,0
42,111.0,0.0,1
47,82.0,0.0,0
61,108.0,0.0,0
53,59.0,0.0,0
56,61.0,193.0,0
33,78.0,0.0,0
44,18.0,0.0,0
63,113.0,0.0,0
47,62.0,0.0,0
50,81.0,248.0,0
49,13.0,106.0,0
34,75.0,194.0,0
40,33.0,89.0,0
38,179.0,0.0,0
51,69.0,0.0,0
28,45.0,0.0,0
52,59.0,0.0,0
39,81.0,0.0,0
29,133.0,212.0,0
54,81.0,0.0,0
63,14.0,86.0,0
40,28.0,0.0,0
36,93.0,0.0,0
45,191.0,123.0,1
61,155.0,0.0,0
26,155.0,0.0,0
33,68.0,0.0,0
64,52.0,226.0,0
43,51.0,0.0,0
24,44.0,180.0,0
30,121.0,408.0,0
60,49.0,204.0,0
50,42.0,78.0,0
40,144.0,0.0,0
31,72.0,0.0,0
30,44.0,109.0,0
60,43.0,175.0,0
39,74.0,144.0,0
66,145.0,0.0,0
65,158.0,0.0,0
54,78.0,0.0,0
54,154.0,352.0,1
35,105.0,0.0,0
32,100.0,0.0,0
63,58.0,0.0,0
60,113.0,406.0,0
43,10.0,0.0,0
59,142.0,0.0,0
62,128.0,0.0,0
30,131.0,0.0,1
54,88.0,122.0,0
30,101.0,0.0,0
31,70.0,0.0,0
44,122.0,0.0,0
32,70.0,0.0,0
63,148.0,0.0,1
57,43.0,166.0,0
60,31.0,0.0,0
37,35.0,0.0,0
53,81.0,0.0,0
51,19.0,98.0,0
30,98.0,129.0,0
28,101.0,0.0,0
50,81.0,0.0,0
52,135.0,452.0,0
56,34.0,0.0,0
40,104.0,249.0,0
64,29.0,0.0,0
61,119.0,0.0,1
46,82.0,0.0,0
55,62.0,0.0,0
45,85.0,0.0,0
40,8.0,0.0,0
63,78.0,0.0,0
57,44.0,0.0,0
38,122.0,0.0,0
37,22.0,114.0,0
31,39.0,0.0,0
50,55.0,0.0,0
42,144.0,158.0,0
51,71.0,0.0,0
38,191.0,0.0,0
53,22.0,100.0,0
43,158.0,0.0,0
35,131.0,0.0,1
49,75.0,160.0,0
28,69.0,170.0,0
51,39.0,0.0,0
39,34.0,0.0,0
31,32.0,0.0,0
44,129.0,0.0,0
46,158.0,432.0,1
42,54.0,0.0,0
41,34.0,0.0,0
23,45.0,0.0,0
59,68.0,0.0,0
47,53.0,0.0,0
48,32.0,0.0,0
58,173.0,0.0,1
58,31.0,0.0,0
54,72.0,144.0,0
49,30.0,157.0,0
63,138.0,0.0,0
62,18.0,127.0,0
45,69.0,220.0,0
39,58.0,247.0,0
58,63.0,0.0,0
56,43.0,0.0,0
29,28.0,0.0,0
33,38.0,133.0,0
55,72.0,147.0,0
56,64.0,0.0,0
36,70.0,165.0,0
53,12.0,0.0,0
57,159.0,0.0,0
35,103.0,0.0,0
43,42.0,0.0,0
54,48.0,142.0,0
29,49.0,0.0,0
39,89.0,0.0,0
32,22.0,0.0,0
51,10.0,86.0,0
50,38.0,120.0,0
54,49.0,95.0,0
38,30.0,0.0,0
32,82.0,240.0,0
62,82.0,312.0,0
57,24.0,0.0,0
47,32.0,156.0,0
51,34.0,111.0,0
54,195.0,477.0,1
26,61.0,119.0,0
37,22.0,0.0,0
27,40.0,0.0,0
63,50.0,205.0,0
62,35.0,0.0,0
59,64.0,0.0,0
32,49.0,0.0,0
35,44.0,192.0,0
56,65.0,0.0,0
55,13.0,0.0,0
31,84.0,105.0,0
54,28.0,101.0,0
58,108.0,0.0,0
48,59.0,144.0,0
48,163.0,396.0,0
33,183.0,582.0,1
36,69.0,0.0,0
41,115.0,0.0,0
55,130.0,0.0,1
63,185.0,358.0,1
53,118.0,0.0,0
38,163.0,0.0,0
46,140.0,380.0,0
59,91.0,0.0,0
56,61.0,0.0,0
59,168.0,0.0,1
39,69.0,0.0,0
47,22.0,104.0,0
47,53.0,213.0,0
53,25.0,0.0,0
36,115.0,0.0,1
34,31.0,85.0,0
36,83.0,0.0,0
60,152.0,0.0,0
45,30.0,0.0,0
27,34.0,0.0,0
47,44.0,0.0,0
44,182.0,0.0,0
54,44.0,117.0,0
57,122.0,153.0,0
52,35.0,0.0,0
51,91.0,0.0,0
57,30.0,0.0,0
65,53.0,0.0,0
58,28.0,0.0,0
64,85.0,200.0,0
52,28.0,90.0,0
58,41.0,177.0,0
52,154.0,0.0,1
43,41.0,0.0,0
56,33.0,0.0,0
37,182.0,0.0,1
53,59.0,0.0,0
27,129.0,0.0,0
53,35.0,136.0,0
42,185.0,0.0,1
58,45.0,201.0,0
36,62.0,145.0,0
53,183.0,467.0,1
48,14.0,0.0,0
54,53.0,0.0,0
26,48.0,169.0,0
50,128.0,0.0,0
31,105.0,331.0,0
35,40.0,0.0,0
63,10.0,0.0,0
29,102.0,303.0,0
57,31.0,0.0,0
30,30.0,158.0,0
33,21.0,0.0,0
62,44.0,0.0,0
35,48.0,164.0,0
37,21.0,0.0,0
37,84.0,0.0,0
35,64.0,230.0,0
35,82.0,138.0,0
59,39.0,0.0,0
53,45.0,0.0,0
45,133.0,0.0,1
46,152.0,0.0,0
40,12.0,91.0,0
42,32.0,149.0,0
25,74.0,204.0,0
39,54.0,159.0,0
30,181.0,0.0,1
58,75.0,0.0,0
41,95.0,240.0,0
37,190.0,565.0,1
36,90.0,0.0,0
27,20.0,134.0,0
60,64.0,0.0,0
62,85.0,98.0,0
67,105.0,0.0,0
44,21.0,0.0,0
24,78.0,0.0,0
45,158.0,132.0,0
58,125.0,219.0,0
61,81.0,0.0,0
54,183.0,0.0,0
28,54.0,0.0,0
49,79.0,212.0,0
35,38.0,136.0,0
36,172.0,295.0,1
34,184.0,0.0,1
36,158.0,114.0,0
35,188.0,282.0,1
27,20.0,0.0,0
42,60.0,151.0,0
65,113.0,0.0,0
29,70.0,0.0,0
65,84.0,0.0,0
59,23.0,0.0,0
46,141.0,0.0,0
59,110.0,264.0,0
52,31.0,0.0,0
60,22.0,80.0,0
43,91.0,0.0,0
65,82.0,252.0,0
50,23.0,0.0,0
48,35.0,0.0,0
49,114.0,0.0,1
58,18.0,0.0,0
24,80.0,238.0,0
58,74.0,0.0,0
45,122.0,0.0,1
42,73.0,0.0,0
64,40.0,0.0,0
49,55.0,0.0,0
55,69.0,0.0,0
40,92.0,0.0,0
28,48.0,0.0,0
57,113.0,327.0,1
50,58.0,0.0,0
40,109.0,0.0,0
55,39.0,0.0,0
53,33.0,144.0,0
48,18.0,0.0,0
59,63.0,0.0,0
58,43.0,0.0,0
38,70.0,0.0,0
49,19.0,0.0,0
60,39.0,140.0,0
54,81.0,0.0,0
28,34.0,0.0,0
27,140.0,175.0,1
42,114.0,0.0,0
52,55.0,151.0,0
54,21.0,76.0,0
56,50.0,0.0,0
58,41.0,0.0,0
56,190.0,0.0,1
64,8.0,0.0,0
35,55.0,0.0,0
45,40.0,0.0,0
57,22.0,0.0,0
35,44.0,0.0,0
46,102.0,0.0,1
30,54.0,235.0,0
44,130.0,0.0,1
39,75.0,0.0,0
42,42.0,0.0,0
34,133.0,0.0,0
46,40.0,0.0,0
55,34.0,101.0,0
28,142.0,0.0,0
35,64.0,0.0,0
60,44.0,170.0,0
50,95.0,262.0,0
52,49.0,0.0,0
51,12.0,0.0,0
51,98.0,0.0,0
59,42.0,0.0,0
53,44.0,0.0,0
43,124.0,0.0,0
31,175.0,0.0,0
32,22.0,0.0,0
41,78.0,99.0,0
31,54.0,109.0,0
41,154.0,0.0,0
47,42.0,0.0,0
37,195.0,635.0,0
53,80.0,0.0,0
49,81.0,0.0,0
62,89.0,0.0,0
33,61.0,0.0,0
54,25.0,0.0,0
27,43.0,163.0,0
60,122.0,352.0,0
29,160.0,385.0,0
56,83.0,0.0,0
55,79.0,0.0,0
45,30.0,0.0,0
33,145.0,437.0,0
45,151.0,328.0,0
44,14.0,98.0,0
37,19.0,0.0,0
42,55.0,135.0,0
26,132.0,0.0,1
33,182.0,0.0,0
61,78.0,0.0,0
31,42.0,0.0,0
54,44.0,187.0,0
62,195.0,522.0,1
61,53.0,0.0,0
66,65.0,0.0,0
38,43.0,0.0,0
55,38.0,0.0,0
60,50.0,0.0,0
23,81.0,0.0,0
29,41.0,0.0,0
35,73.0,0.0,0
53,31.0,104.0,0
32,84.0,0.0,0
38,95.0,0.0,0
44,162.0,301.0,1
43,60.0,115.0,0
54,121.0,0.0,1
52,43.0,165.0,0
31,38.0,182.0,0
47,82.0,276.0,0
42,52.0,0.0,0
57,43.0,168.0,0
33,82.0,0.0,0
35,161.0,0.0,0
56,24.0,0.0,0
57,102.0,0.0,0
25,53.0,0.0,0
53,85.0,0.0,0
59,111.0,0.0,0
56,90.0,0.0,0
54,94.0,188.0,0
48,63.0,0.0,0
55,153.0,0.0,1
33,39.0,0.0,0
46,205.0,181.0,0
42,142.0,496.0,0
49,163.0,0.0,0
42,113.0,0.0,0
46,64.0,0.0,0
65,20.0,0.0,0
50,179.0,0.0,0
54,91.0,90.0,0
42,103.0,0.0,1
57,80.0,0.0,0
61,38.0,0.0,0
60,44.0,0.0,0
40,164.0,0.0,1
33,81.0,0.0,0
37,95.0,83.0,0
52,44.0,0.0,0
33,88.0,0.0,0
62,148.0,0.0,1
62,169.0,184.0,1
63,11.0,102.0,0
55,92.0,158.0,0
33,74.0,0.0,0
25,72.0,0.0,0
55,63.0,0.0,0
29,172.0,415.0,0
45,183.0,0.0,0
60,40.0,166.0,0
44,68.0,0.0,0
48,78.0,0.0,0
57,68.0,184.0,0
58,49.0,99.0,0
58,39.0,0.0,0
44,151.0,392.0,0
54,159.0,461.0,0
59,89.0,0.0,0
63,105.0,244.0,0
61,78.0,0.0,0
58,128.0,344.0,0
44,81.0,228.0,0
53,50.0,152.0,0
63,38.0,178.0,0
41,119.0,263.0,0
50,110.0,0.0,0
51,29.0,102.0,0
47,19.0,0.0,0
43,130.0,221.0,1
46,38.0,130.0,0
50,31.0,0.0,0
33,14.0,105.0,0
27,158.0,0.0,1
34,39.0,115.0,0
34,141.0,0.0,1
28,33.0,167.0,0
29,92.0,0.0,0
52,78.0,0.0,0
47,42.0,0.0,0
41,15.0,83.0,0
58,48.0,0.0,0
37,63.0,0.0,0
57,149.0,0.0,0
63,49.0,103.0,0
60,125.0,0.0,0
50,58.0,0.0,0
60,48.0,0.0,0
54,75.0,0.0,0
28,114.0,0.0,0
45,134.0,0.0,1
28,111.0,0.0,0
54,62.0,149.0,0
42,45.0,0.0,0
30,113.0,0.0,0
61,128.0,0.0,0
64,168.0,0.0,1
38,81.0,206.0,0
39,75.0,297.0,0
54,21.0,0.0,0
59,83.0,0.0,0
39,121.0,368.0,0
63,40.0,0.0,0
31,101.0,170.0,0
56,90.0,0.0,0
47,68.0,0.0,0
28,74.0,221.0,0
32,74.0,257.0,0
54,51.0,0.0,0
29,149.0,0.0,0
39,31.0,88.0,0
26,85.0,0.0,0
29,62.0,0.0,0
46,44.0,110.0,0
38,63.0,190.0,0
55,23.0,0.0,0
48,40.0,87.0,0
36,78.0,204.0,0
39,40.0,129.0,0
40,78.0,0.0,0
26,129.0,0.0,1
55,71.0,0.0,0
61,23.0,0.0,0
57,15.0,0.0,0
56,28.0,138.0,0
31,23.0,95.0,0
61,19.0,0.0,0
58,42.0,158.0,0
43,113.0,325.0,0
29,34.0,0.0,0
50,19.0,104.0,0
49,43.0,0.0,0
43,179.0,0.0,1
58,44.0,0.0,0
41,21.0,0.0,0
65,115.0,174.0,0
52,81.0,0.0,0
55,91.0,0.0,0
49,30.0,0.0,0
52,55.0,0.0,0
56,48.0,0.0,0
30,23.0,121.0,0
36,21.0,0.0,0
41,55.0,0.0,0
42,21.0,0.0,0
60,40.0,0.0,0
44,30.0,0.0,0
34,78.0,0.0,0
56,65.0,0.0,0
31,50.0,209.0,0
29,55.0,0.0,0
31,111.0,0.0,0
36,21.0,0.0,0
42,65.0,256.0,0
64,114.0,0.0,0
61,54.0,179.0,0
35,75.0,0.0,0
28,13.0,0.0,0
38,54.0,218.0,0
44,22.0,126.0,0
45,198.0,0.0,0
46,18.0,0.0,0
57,74.0,0.0,0
40,61.0,0.0,0
38,64.0,0.0,0
39,10.0,0.0,0
23,82.0,0.0,0
47,61.0,168.0,0
32,83.0,148.0,0
30,73.0,0.0,0
54,22.0,89.0,0
25,91.0,321.0,0
60,65.0,94.0,0
61,13.0,0.0,0
36,103.0,255.0,0
52,95.0,0.0,0
33,31.0,0.0,0
57,131.0,0.0,1
34,175.0,0.0,1
50,38.0,0.0,0
43,104.0,0.0,0
34,114.0,0.0,1
26,38.0,0.0,0
26,30.0,0.0,0
48,19.0,106.0,0
49,25.0,0.0,0
47,124.0,0.0,1
43,20.0,0.0,0
40,83.0,0.0,0
31,18.0,0.0,0
27,99.0,149.0,1
55,62.0,0.0,0
54,24.0,0.0,0
23,13.0,84.0,0
54,64.0,0.0,0
57,62.0,240.0,0
41,158.0,0.0,1
28,88.0,0.0,0
33,28.0,0.0,0
51,52.0,0.0,0
28,82.0,0.0,0
63,140.0,97.0,0
29,80.0,0.0,0
62,58.0,228.0,0
51,180.0,0.0,0
52,55.0,227.0,0
43,65.0,100.0,0
39,62.0,0.0,0
35,23.0,0.0,0
34,35.0,0.0,0
49,35.0,0.0,0
43,74.0,0.0,0
48,14.0,0.0,0
30,83.0,199.0,0
46,71.0,0.0,0
43,53.0,130.0,0
27,103.0,84.0,0
39,109.0,0.0,0
58,60.0,94.0,0
44,12.0,0.0,0
39,141.0,0.0,0
35,128.0,0.0,0
41,98.0,296.0,0
43,41.0,0.0,0
55,90.0,0.0,0
32,31.0,0.0,0
56,74.0,0.0,0
30,83.0,0.0,0
65,35.0,0.0,0
31,140.0,0.0,0
41,65.0,0.0,0
55,35.0,0.0,0
37,73.0,0.0,0
34,29.0,0.0,0
34,55.0,147.0,0
33,20.0,0.0,0
48,70.0,0.0,0
28,81.0,0.0,0
30,25.0,0.0,0
44,119.0,239.0,0
61,49.0,185.0,0
59,38.0,0.0,0
33,80.0,0.0,0
56,84.0,0.0,0
53,61.0,0.0,0
42,173.0,373.0,1
43,60.0,0.0,0
35,83.0,0.0,0
61,59.0,0.0,0
39,32.0,116.0,0
61,33.0,0.0,0
40,19.0,0.0,0
34,14.0,0.0,0
65,94.0,120.0,1
40,154.0,325.0,0
39,33.0,0.0,0
61,28.0,135.0,0
40,44.0,0.0,0
49,81.0,0.0,0
43,29.0,0.0,0
45,58.0,0.0,0
52,38.0,0.0,0
32,82.0,0.0,0
31,18.0,0.0,0
27,45.0,0.0,0
33,64.0,0.0,0
65,48.0,0.0,0
62,24.0,0.0,0
55,65.0,0.0,0
46,111.0,329.0,0
37,114.0,0.0,0
60,39.0,0.0,0
44,19.0,0.0,0
35,22.0,0.0,0
52,49.0,0.0,0
30,40.0,0.0,0
62,63.0,118.0,0
41,55.0,0.0,0
38,33.0,0.0,0
52,31.0,0.0,0
48,24.0,0.0,0
47,81.0,0.0,0
41,81.0,223.0,0
44,113.0,0.0,0
31,92.0,0.0,0
50,81.0,0.0,0
36,101.0,0.0,0
52,78.0,0.0,0
62,78.0,0.0,0
55,35.0,118.0,0
61,9.0,0.0,0
34,82.0,0.0,0
34,41.0,0.0,0
59,84.0,0.0,0
41,42.0,185.0,0
33,54.0,0.0,0
55,84.0,0.0,0
64,131.0,0.0,0
44,85.0,0.0,0
32,84.0,0.0,0
67,114.0,0.0,0
40,61.0,0.0,0
57,39.0,0.0,0
59,21.0,120.0,0
43,111.0,0.0,1
58,68.0,113.0,0
50,179.0,0.0,1
52,93.0,0.0,1
35,85.0,0.0,0
40,180.0,0.0,0
31,110.0,0.0,0
32,65.0,268.0,0
55,159.0,0.0,1
43,81.0,0.0,0
31,132.0,0.0,0
26,44.0,0.0,0
58,98.0,0.0,0
51,62.0,0.0,0
45,91.0,0.0,0
56,29.0,87.0,0
25,101.0,0.0,0
38,65.0,0.0,0
62,58.0,0.0,0
39,32.0,0.0,0
56,140.0,292.0,1
50,44.0,187.0,0
52,113.0,0.0,0
53,38.0,0.0,0
25,13.0,0.0,0
44,62.0,0.0,0
42,29.0,0.0,0
42,141.0,0.0,1
63,132.0,0.0,1
57,23.0,0.0,0
56,11.0,89.0,0
60,90.0,0.0,0
62,43.0,0.0,0
48,59.0,0.0,0
37,28.0,0.0,0
55,28.0,82.0,0
42,108.0,383.0,0
39,78.0,0.0,0
47,65.0,0.0,0
34,25.0,0.0,0
48,108.0,0.0,0
52,43.0,0.0,0
53,95.0,0.0,0
49,24.0,0.0,0
47,190.0,0.0,0
48,24.0,0.0,0
38,41.0,0.0,0
48,80.0,0.0,0
56,63.0,0.0,0
65,79.0,0.0,0
46,105.0,0.0,1
60,153.0,0.0,1
50,114.0,0.0,0
41,120.0,0.0,0
41,104.0,0.0,0
60,20.0,0.0,0
57,41.0,0.0,0
48,35.0,0.0,0
53,174.0,0.0,1
42,164.0,0.0,1
45,22.0,0.0,0
35,132.0,82.0,0
34,32.0,0.0,0
67,21.0,0.0,0
36,49.0,0.0,0
37,79.0,280.0,0
40,30.0,86.0,0
35,118.0,358.0,0
60,11.0,0.0,0
59,61.0,0.0,0
35,43.0,0.0,0
27,141.0,354.0,1
29,54.0,0.0,0
35,33.0,0.0,0
38,84.0,121.0,0
62,125.0,0.0,1
43,110.0,0.0,0
35,14.0,0.0,0
41,65.0,0.0,0
65,78.0,0.0,0
61,18.0,0.0,0
55,95.0,275.0,0
28,95.0,0.0,0
52,191.0,0.0,0
34,19.0,83.0,0
49,19.0,0.0,0
42,39.0,0.0,0
49,93.0,0.0,0
49,115.0,0.0,1
32,112.0,408.0,0
59,40.0,0.0,0
43,45.0,0.0,0
48,133.0,0.0,0
31,85.0,87.0,0
30,18.0,0.0,0
58,54.0,0.0,0
41,41.0,105.0,0
38,21.0,0.0,0
33,152.0,0.0,0
51,53.0,0.0,0
45,163.0,0.0,1
34,84.0,0.0,0
39,59.0,199.0,0
44,33.0,0.0,0
55,81.0,209.0,0
28,182.0,442.0,1
57,61.0,0.0,0
43,88.0,0.0,0
46,170.0,0.0,0
35,83.0,315.0,0
25,44.0,0.0,0
65,83.0,0.0,0
64,21.0,76.0,0
39,143.0,0.0,0
62,103.0,0.0,0
46,135.0,213.0,1
36,162.0,153.0,0
42,73.0,0.0,0
35,142.0,0.0,1
63,25.0,0.0,0
45,115.0,85.0,0
27,88.0,238.0,0
29,73.0,0.0,0
55,94.0,221.0,0
32,58.0,0.0,0
37,81.0,0.0,0
25,113.0,0.0,0
41,35.0,135.0,0
52,65.0,0.0,0
31,170.0,137.0,0
40,62.0,0.0,0
54,54.0,97.0,0
48,39.0,0.0,0
39,28.0,118.0,0
64,95.0,0.0,0
54,82.0,0.0,1
39,21.0,101.0,0
55,50.0,0.0,0
42,34.0,0.0,0
58,19.0,0.0,0
45,71.0,0.0,0
29,113.0,84.0,0
36,9.0,0.0,0
63,118.0,427.0,0
55,79.0,0.0,0
54,72.0,0.0,0
61,18.0,0.0,0
36,93.0,0.0,0
61,62.0,244.0,0
39,23.0,0.0,0
57,40.0,0.0,0
35,34.0,87.0,0
66,114.0,0.0,0
49,125.0,0.0,0
48,41.0,0.0,0
61,38.0,0.0,0
44,45.0,0.0,0
23,12.0,90.0,0
31,115.0,189.0,0
39,175.0,0.0,0
45,24.0,0.0,0
39,28.0,108.0,0
64,32.0,0.0,0
64,63.0,184.0,0
47,32.0,0.0,0
34,60.0,0.0,0
56,53.0,78.0,0
33,58.0,0.0,0
56,42.0,0.0,0
57,39.0,0.0,0
43,72.0,271.0,0
43,80.0,0.0,0
26,39.0,0.0,0
64,18.0,0.0,0
43,30.0,0.0,0
44,54.0,202.0,0
60,128.0,0.0,0
37,38.0,116.0,0
56,120.0,186.0,0
54,25.0,109.0,0
43,85.0,110.0,0
57,135.0,0.0,1
29,14.0,0.0,0
54,70.0,251.0,0
61,23.0,0.0,0
29,31.0,0.0,0
47,132.0,0.0,0
43,28.0,0.0,0
46,125.0,0.0,1
55,91.0,0.0,0
48,191.0,231.0,0
26,88.0,0.0,0
63,84.0,0.0,0
57,64.0,142.0,0
58,28.0,146.0,0
28,149.0,0.0,0
61,172.0,0.0,1
65,42.0,0.0,0
33,53.0,96.0,0
63,149.0,364.0,1
43,113.0,0.0,0
26,79.0,0.0,0
57,175.0,429.0,0
50,38.0,0.0,0
54,120.0,431.0,1
59,52.0,0.0,0
49,42.0,0.0,0
54,13.0,0.0,0
65,141.0,0.0,0
34,131.0,156.0,0
31,133.0,0.0,1
31,64.0,0.0,0
64,49.0,0.0,0
52,34.0,0.0,0
57,91.0,81.0,0
60,195.0,0.0,0
45,53.0,112.0,0
39,39.0,0.0,0
25,20.0,0.0,0
29,104.0,0.0,0
40,51.0,131.0,0
36,154.0,0.0,1
33,38.0,115.0,0
51,12.0,0.0,0
35,28.0,0.0,0
54,33.0,0.0,0
29,31.0,0.0,0
32,44.0,192.0,0
37,49.0,192.0,0
55,134.0,0.0,0
30,182.0,94.0,1
49,114.0,286.0,0
51,90.0,0.0,0
65,105.0,0.0,0
32,58.0,90.0,0
29,53.0,0.0,0
46,15.0,0.0,0
64,103.0,0.0,0
27,58.0,154.0,0
50,83.0,0.0,0
33,125.0,0.0,1
38,61.0,0.0,0
38,69.0,0.0,0
37,89.0,0.0,0
46,70.0,0.0,0
31,39.0,0.0,0
35,41.0,0.0,0
50,148.0,508.0,0
45,38.0,148.0,0
30,95.0,146.0,1
60,129.0,0.0,0
31,84.0,0.0,0
60,29.0,0.0,0
36,30.0,0.0,0
64,90.0,134.0,0
29,150.0,0.0,0
58,15.0,0.0,0
59,13.0,0.0,0
58,9.0,0.0,0
35,24.0,0.0,0
43,41.0,0.0,0
33,25.0,0.0,0
54,49.0,0.0,0
38,58.0,128.0,0
38,141.0,0.0,0
57,50.0,211.0,0
34,61.0,0.0,0
52,65.0,0.0,0
50,112.0,229.0,0
60,19.0,0.0,0
26,23.0,0.0,0
56,60.0,0.0,0
39,30.0,0.0,0
45,144.0,210.0,1
30,118.0,0.0,1
37,194.0,0.0,0
45,109.0,0.0,0
48,174.0,0.0,0
65,34.0,119.0,0
46,84.0,0.0,0
40,41.0,0.0,0
33,92.0,0.0,0
40,19.0,116.0,0
60,55.0,172.0,0
51,22.0,0.0,0
41,155.0,0.0,0
37,72.0,0.0,0
35,81.0,0.0,0
35,30.0,0.0,0
46,54.0,189.0,0
60,60.0,0.0,0
51,68.0,0.0,0
31,65.0,126.0,0
30,31.0,142.0,0
32,169.0,272.0,1
53,139.0,0.0,1
33,29.0,0.0,0
40,43.0,0.0,0
57,80.0,0.0,0
51,43.0,123.0,0
30,194.0,0.0,0
41,24.0,0.0,0
54,32.0,0.0,0
42,153.0,416.0,1
30,30.0,0.0,0
60,165.0,0.0,1
56,64.0,0.0,0
63,15.0,83.0,0
56,70.0,0.0,0
39,32.0,0.0,0
29,128.0,209.0,1
28,84.0,102.0,0
41,62.0,0.0,0
28,33.0,0.0,0
49,65.0,0.0,0
30,33.0,85.0,0
63,15.0,115.0,0
45,45.0,0.0,0
40,132.0,0.0,0
28,29.0,0.0,0
62,65.0,0.0,0
38,52.0,147.0,0
32,64.0,0.0,0
58,73.0,224.0,0
33,20.0,0.0,0
60,44.0,192.0,0
34,79.0,0.0,0
38,104.0,79.0,0
44,88.0,0.0,0
56,51.0,0.0,0
37,61.0,0.0,0
45,23.0,91.0,0
44,38.0,95.0,0
37,75.0,0.0,0
47,42.0,0.0,0
51,45.0,0.0,0
63,59.0,0.0,0
61,130.0,0.0,1
43,9.0,96.0,0
41,62.0,0.0,0
59,202.0,553.0,0
29,162.0,0.0,0
32,93.0,79.0,0
64,145.0,0.0,0
50,99.0,368.0,1
35,148.0,0.0,1
34,154.0,0.0,1
58,149.0,0.0,0
41,69.0,78.0,0
37,30.0,146.0,0
35,48.0,0.0,0
45,42.0,0.0,0
53,132.0,403.0,0
53,81.0,193.0,0
54,60.0,0.0,0
28,45.0,95.0,0
58,70.0,0.0,0
47,71.0,0.0,0
24,28.0,0.0,0
27,83.0,0.0,0
42,131.0,0.0,0
50,82.0,0.0,0
41,79.0,225.0,0
46,51.0,0.0,0
46,111.0,0.0,0
51,93.0,0.0,0
59,73.0,0.0,0
58,24.0,0.0,0
37,64.0,0.0,0
39,104.0,242.0,0
47,38.0,0.0,0
51,191.0,0.0,0
64,53.0,0.0,0
59,74.0,0.0,0
55,21.0,0.0,0
57,80.0,144.0,0
59,41.0,174.0,0
42,79.0,0.0,0
34,141.0,260.0,1
41,32.0,0.0,0
43,38.0,0.0,0
53,85.0,0.0,0
47,93.0,107.0,0
49,140.0,0.0,1
35,69.0,0.0,0
52,32.0,0.0,0
53,61.0,177.0,0
48,125.0,0.0,0
35,30.0,0.0,0
52,104.0,0.0,0
60,24.0,0.0,0
33,22.0,0.0,0
38,59.0,0.0,0
29,120.0,0.0,1
35,164.0,500.0,0
26,60.0,0.0,0
48,43.0,0.0,0
43,70.0,0.0,0
60,51.0,0.0,0
27,59.0,0.0,0
38,129.0,75.0,1
40,22.0,0.0,0
38,29.0,0.0,0
50,18.0,0.0,0
38,65.0,0.0,0
34,65.0,0.0,0
42,38.0,0.0,0
60,110.0,0.0,0
62,22.0,111.0,0
59,43.0,0.0,0
49,30.0,0.0,0
49,134.0,0.0,0
36,32.0,0.0,0
33,139.0,0.0,0
43,45.0,0.0,0
53,62.0,0.0,0
57,51.0,103.0,0
53,93.0,313.0,0
60,122.0,0.0,0
34,45.0,0.0,0
51,179.0,0.0,0
36,64.0,205.0,0
63,41.0,0.0,0
37,58.0,0.0,0
57,64.0,0.0,0
52,28.0,0.0,0
38,21.0,0.0,0
61,60.0,0.0,0
31,78.0,0.0,0
39,59.0,0.0,0
38,59.0,0.0,0
46,83.0,0.0,0
48,128.0,0.0,0
58,95.0,0.0,0
50,160.0,410.0,1
67,78.0,0.0,0
36,184.0,0.0,1
30,30.0,0.0,0
58,51.0,123.0,0
43,35.0,0.0,0
31,74.0,0.0,0
37,43.0,0.0,0
49,23.0,0.0,0
27,20.0,99.0,0
50,112.0,0.0,0
46,74.0,0.0,0
49,65.0,232.0,0
29,124.0,0.0,0
55,65.0,0.0,0
61,73.0,285.0,0
45,8.0,0.0,0
33,53.0,76.0,0
63,131.0,229.0,1
32,13.0,0.0,0
42,60.0,98.0,0
51,45.0,82.0,0
44,39.0,119.0,0
33,78.0,0.0,0
39,43.0,0.0,0
56,31.0,109.0,0
28,118.0,161.0,1
43,82.0,0.0,0
30,112.0,0.0,0
34,10.0,0.0,0
26,18.0,95.0,0
58,72.0,0.0,0
43,72.0,0.0,0
40,78.0,0.0,0
54,78.0,0.0,0
44,30.0,0.0,0
54,45.0,0.0,0
39,80.0,0.0,0
59,174.0,0.0,0
53,51.0,0.0,0
32,181.0,0.0,0
40,78.0,194.0,0
54,79.0,0.0,0
27,119.0,118.0,0
63,49.0,109.0,0
26,83.0,0.0,1
33,100.0,126.0,0
43,70.0,0.0,0
57,52.0,0.0,0
26,12.0,0.0,0
55,82.0,219.0,0
30,34.0,0.0,0
63,112.0,0.0,0
55,42.0,0.0,0
35,83.0,0.0,0
45,142.0,0.0,1
47,199.0,0.0,0
31,29.0,121.0,0
56,70.0,273.0,0
49,25.0,0.0,0
53,84.0,0.0,0
62,81.0,0.0,0
63,15.0,0.0,0
26,54.0,0.0,0
59,108.0,304.0,1
40,83.0,0.0,0
42,62.0,170.0,0
29,134.0,204.0,0
40,75.0,79.0,0
31,109.0,341.0,0
35,152.0,0.0,0
62,83.0,0.0,0
51,52.0,0.0,0
32,31.0,0.0,0
27,135.0,449.0,1
62,98.0,151.0,0
66,14.0,0.0,0
53,64.0,0.0,0
49,109.0,0.0,0
65,118.0,333.0,0
30,80.0,0.0,0
60,51.0,0.0,0
30,115.0,0.0,1
54,83.0,0.0,0
54,90.0,0.0,0
37,28.0,0.0,0
32,82.0,221.0,0
51,24.0,0.0,0
46,71.0,0.0,0
41,80.0,0.0,0
62,109.0,0.0,0
54,140.0,0.0,0
52,39.0,0.0,0
51,39.0,98.0,0
24,50.0,0.0,0
61,31.0,0.0,0
55,35.0,144.0,0
37,44.0,0.0,0
64,35.0,0.0,0
34,20.0,106.0,0
31,10.0,0.0,0
42,83.0,0.0,0
47,203.0,0.0,0
29,84.0,0.0,0
34,41.0,0.0,0
36,164.0,0.0,0
34,152.0,0.0,0
26,62.0,0.0,0
48,12.0,89.0,0
47,28.0,0.0,0
39,52.0,0.0,0
62,19.0,97.0,0
34,35.0,0.0,0
43,28.0,96.0,0
55,70.0,0.0,0
65,140.0,0.0,0
26,102.0,0.0,0
57,50.0,0.0,0
32,61.0,205.0,0
35,188.0,259.0,1
63,178.0,0.0,1
49,44.0,194.0,0
23,12.0,0.0,0
30,69.0,188.0,0
43,132.0,0.0,0
39,128.0,196.0,0
31,44.0,122.0,0
65,44.0,0.0,0
34,34.0,0.0,0
37,132.0,0.0,0
62,158.0,0.0,0
33,83.0,0.0,0
48,28.0,75.0,0
33,131.0,0.0,1
45,31.0,0.0,0
44,40.0,0.0,0
37,71.0,127.0,0
31,42.0,0.0,0
56,35.0,114.0,0
30,81.0,0.0,0
61,91.0,0.0,0
32,129.0,0.0,1
51,75.0,0.0,0
26,54.0,230.0,0
31,43.0,0.0,0
43,94.0,0.0,0
57,84.0,0.0,0
42,34.0,0.0,0
48,15.0,0.0,0
46,99.0,194.0,0
33,15.0,82.0,0
45,83.0,0.0,0
31,83.0,0.0,0
42,143.0,0.0,0
56,81.0,0.0,0
63,39.0,0.0,0
42,158.0,277.0,1
50,62.0,0.0,0
31,64.0,0.0,0
65,29.0,0.0,0
60,64.0,0.0,0
34,21.0,0.0,0
62,142.0,0.0,1
56,64.0,0.0,0
51,40.0,0.0,0
44,61.0,0.0,0
41,44.0,0.0,0
43,78.0,161.0,0
25,25.0,0.0,0
40,125.0,0.0,0
53,63.0,0.0,0
54,54.0,185.0,0
36,92.0,184.0,0
26,119.0,381.0,0
35,40.0,0.0,0
29,41.0,0.0,0
35,81.0,0.0,0
28,101.0,270.0,0
48,25.0,0.0,0
46,55.0,0.0,0
31,43.0,166.0,0
40,98.0,98.0,0
27,112.0,402.0,0
32,69.0,102.0,0
67,79.0,215.0,0
24,118.0,0.0,0
45,81.0,251.0,0
26,19.0,121.0,0
42,139.0,0.0,1
65,63.0,0.0,0
59,102.0,0.0,0
30,40.0,0.0,0
32,44.0,81.0,0
36,59.0,216.0,0
48,224.0,0.0,0
56,64.0,0.0,0
44,129.0,0.0,0
60,43.0,0.0,0
51,12.0,0.0,0
34,53.0,0.0,0
45,39.0,0.0,0
47,65.0,0.0,0
29,18.0,94.0,0
52,55.0,0.0,0
61,60.0,0.0,0
40,42.0,187.0,0
24,44.0,0.0,0
33,111.0,0.0,0
33,62.0,0.0,0
52,44.0,148.0,0
40,69.0,0.0,0
45,62.0,172.0,0
27,35.0,0.0,0
38,91.0,0.0,0
50,12.0,96.0,0
41,89.0,292.0,0
60,65.0,0.0,0
64,179.0,400.0,1
34,82.0,0.0,0
30,48.0,0.0,0
31,20.0,0.0,0
41,91.0,330.0,0
61,122.0,0.0,0
42,22.0,0.0,0
48,43.0,0.0,0
59,38.0,0.0,0
57,61.0,0.0,0
37,33.0,0.0,0
53,145.0,345.0,0
53,170.0,0.0,0
26,55.0,0.0,0
39,40.0,0.0,0
35,68.0,126.0,0
59,53.0,0.0,0
43,63.0,0.0,0
39,123.0,92.0,0
49,13.0,0.0,0
47,12.0,102.0,0
41,53.0,102.0,0
57,79.0,294.0,0
42,89.0,170.0,0
61,188.0,0.0,1
56,62.0,0.0,0
29,123.0,428.0,1
25,40.0,0.0,0
32,119.0,0.0,1
37,123.0,253.0,1
31,23.0,0.0,0
38,62.0,255.0,0
40,69.0,106.0,0
61,124.0,0.0,0
50,52.0,0.0,0
32,134.0,0.0,0
62,58.0,0.0,0
62,45.0,200.0,0
40,75.0,0.0,0
59,23.0,78.0,0
43,123.0,0.0,1
62,48.0,0.0,0
48,145.0,140.0,0
29,31.0,0.0,0
58,38.0,0.0,0
43,78.0,0.0,0
39,94.0,0.0,0
33,84.0,0.0,0
40,22.0,0.0,0
28,78.0,0.0,0
38,75.0,0.0,0
65,71.0,0.0,0
35,24.0,0.0,0
29,112.0,0.0,0
61,53.0,167.0,0
46,41.0,0.0,0
50,25.0,0.0,0
60,42.0,194.0,0
54,51.0,113.0,0
43,19.0,0.0,0
38,90.0,258.0,0
46,89.0,0.0,0
64,22.0,0.0,0
24,119.0,0.0,0
39,93.0,0.0,1
34,18.0,0.0,0
65,32.0,120.0,0
38,182.0,0.0,1
62,19.0,0.0,0
59,85.0,0.0,1
49,90.0,0.0,0
57,59.0,134.0,0
64,84.0,0.0,0
47,95.0,0.0,1
30,13.0,0.0,0
42,88.0,0.0,0
53,34.0,0.0,0
50,11.0,0.0,0
62,80.0,0.0,0
34,41.0,0.0,0
47,90.0,0.0,0
62,93.0,0.0,1
61,81.0,0.0,0
59,60.0,0.0,0
47,39.0,0.0,0
65,22.0,0.0,0
56,32.0,79.0,0
56,28.0,0.0,0
31,35.0,0.0,0
61,154.0,351.0,1
42,189.0,0.0,0
44,40.0,84.0,0
47,88.0,0.0,0
30,124.0,0.0,0
62,23.0,0.0,0
56,23.0,0.0,0
25,139.0,0.0,0
53,173.0,427.0,1
26,42.0,153.0,0
59,161.0,160.0,0
62,28.0,0.0,0
58,191.0,194.0,1
40,42.0,106.0,0
35,81.0,0.0,0
51,175.0,312.0,1
41,82.0,0.0,0
51,53.0,0.0,0
27,142.0,0.0,1
46,42.0,0.0,0
46,64.0,189.0,0
31,90.0,0.0,0
58,44.0,0.0,0
42,29.0,0.0,0
59,93.0,0.0,0
54,69.0,132.0,0
35,82.0,0.0,0
34,180.0,0.0,1
46,13.0,0.0,0
52,72.0,178.0,0
55,54.0,0.0,0
34,104.0,0.0,0
57,44.0,157.0,0
45,40.0,0.0,0
29,190.0,246.0,0
49,64.0,0.0,0
36,9.0,99.0,0
57,38.0,0.0,0
25,72.0,0.0,0
43,82.0,79.0,0
27,48.0,119.0,0
54,82.0,294.0,0
53,14.0,83.0,0
55,162.0,0.0,0
43,54.0,0.0,0
35,90.0,0.0,0
59,64.0,0.0,0
42,65.0,0.0,0
51,113.0,0.0,0
57,38.0,0.0,0
39,65.0,0.0,0
53,39.0,0.0,0
31,174.0,0.0,0
33,59.0,0.0,0
38,43.0,0.0,0
47,24.0,0.0,0
63,50.0,166.0,0
44,68.0,0.0,0
61,61.0,0.0,0
52,21.0,0.0,0
59,21.0,0.0,0
56,31.0,0.0,0
58,70.0,0.0,0
30,25.0,135.0,0
42,78.0,0.0,0
51,19.0,0.0,0
60,23.0,0.0,0
30,40.0,0.0,0
49,22.0,0.0,0
26,71.0,0.0,0
36,58.0,0.0,0
65,75.0,0.0,0
27,40.0,110.0,0
60,155.0,0.0,1
32,83.0,0.0,0
46,99.0,0.0,0
60,59.0,0.0,0
28,53.0,0.0,0
50,11.0,0.0,0
52,179.0,0.0,1
29,71.0,0.0,0
30,85.0,0.0,0
42,49.0,0.0,0
32,122.0,0.0,0
40,171.0,0.0,0
49,138.0,0.0,1
53,8.0,0.0,0
42,59.0,0.0,0
38,49.0,0.0,0
60,92.0,0.0,0
27,75.0,0.0,0
61,60.0,0.0,0
27,41.0,0.0,0
45,40.0,0.0,0
41,81.0,146.0,0
44,52.0,196.0,0
38,25.0,0.0,0
39,139.0,353.0,0
48,54.0,0.0,0
47,81.0,0.0,0
64,73.0,0.0,0
27,30.0,0.0,0
66,59.0,0.0,0
43,21.0,0.0,0
34,65.0,104.0,0
28,41.0,161.0,0
52,52.0,121.0,0
45,84.0,180.0,0
24,135.0,0.0,0
39,18.0,0.0,0
40,34.0,0.0,0
30,85.0,0.0,0
49,23.0,0.0,0
53,65.0,0.0,0
56,195.0,0.0,0
50,40.0,89.0,0
53,141.0,0.0,1
60,95.0,322.0,0
58,23.0,131.0,0
43,82.0,0.0,0
46,53.0,0.0,0
29,10.0,87.0,0
56,75.0,125.0,0
48,23.0,122.0,0
61,133.0,0.0,0
41,129.0,0.0,0
35,85.0,131.0,0
48,168.0,308.0,0
43,83.0,0.0,0
37,52.0,0.0,0
47,114.0,0.0,0
29,81.0,0.0,0
63,32.0,0.0,0
43,63.0,0.0,0
57,70.0,0.0,0
55,20.0,0.0,0
47,138.0,0.0,0
58,63.0,0.0,0
53,85.0,118.0,0
59,180.0,0.0,1
46,80.0,0.0,0
41,53.0,0.0,0
46,72.0,75.0,0
44,123.0,0.0,1
44,91.0,0.0,0
50,148.0,0.0,0
51,163.0,0.0,1
55,28.0,149.0,0
37,193.0,0.0,0
34,22.0,0.0,0
59,74.0,0.0,0
45,70.0,0.0,0
30,11.0,0.0,0
32,61.0,0.0,0
61,41.0,0.0,0
54,108.0,0.0,1
35,23.0,0.0,0
63,135.0,183.0,1
66,30.0,86.0,0
48,144.0,0.0,1
60,139.0,0.0,1
41,143.0,209.0,1
31,44.0,0.0,0
58,49.0,0.0,0
67,75.0,182.0,0
35,43.0,0.0,0
40,59.0,0.0,0
42,154.0,0.0,1
44,75.0,0.0,0
47,75.0,0.0,0
59,88.0,278.0,0
29,91.0,0.0,1
36,11.0,0.0,0
47,22.0,0.0,0
55,49.0,220.0,0
41,140.0,342.0,0
51,99.0,0.0,0
26,82.0,199.0,0
33,10.0,81.0,0
30,109.0,103.0,0
30,45.0,0.0,0
45,93.0,0.0,0
40,89.0,216.0,1
42,39.0,132.0,0
50,21.0,89.0,0
62,31.0,0.0,0
63,31.0,0.0,0
43,52.0,0.0,0
49,13.0,0.0,0
51,21.0,76.0,0
61,50.0,189.0,0
43,81.0,0.0,0
43,74.0,0.0,0
61,89.0,0.0,0
35,82.0,0.0,0
59,88.0,0.0,0
40,61.0,0.0,0
61,139.0,0.0,0
48,29.0,0.0,0
37,51.0,0.0,0
56,58.0,241.0,0
35,21.0,125.0,0
35,43.0,0.0,0
40,104.0,0.0,0
50,9.0,98.0,0
49,39.0,0.0,0
46,89.0,0.0,0
64,21.0,0.0,0
60,173.0,0.0,1
45,29.0,105.0,0
52,43.0,0.0,0
58,30.0,0.0,0
54,39.0,0.0,0
48,83.0,248.0,0
51,58.0,223.0,0
53,8.0,0.0,0
57,39.0,0.0,0
43,204.0,0.0,0
37,45.0,0.0,0
32,111.0,0.0,0
34,83.0,148.0,0
54,83.0,0.0,0
62,115.0,202.0,0
56,60.0,227.0,0
39,53.0,0.0,0
32,134.0,0.0,0
50,91.0,0.0,0
27,91.0,0.0,0
37,128.0,0.0,0
60,78.0,0.0,0
43,161.0,464.0,0
62,60.0,0.0,0
39,161.0,509.0,0
34,40.0,0.0,0
46,68.0,0.0,0
46,74.0,0.0,0
51,55.0,93.0,0
44,145.0,0.0,0
60,24.0,0.0,0
65,10.0,0.0,0
58,138.0,0.0,0
37,63.0,0.0,0
52,54.0,0.0,0
42,62.0,0.0,0
54,81.0,0.0,0
54,61.0,0.0,0
51,68.0,0.0,0
59,78.0,0.0,0
41,165.0,157.0,0
43,48.0,0.0,0
52,155.0,0.0,1
52,158.0,251.0,1
57,52.0,0.0,0
53,18.0,0.0,0
58,42.0,0.0,0
59,18.0,0.0,0
57,40.0,0.0,0
27,44.0,0.0,0
42,11.0,87.0,0
52,194.0,0.0,1
49,108.0,0.0,0
47,12.0,0.0,0
45,19.0,94.0,0
25,150.0,0.0,0
47,89.0,0.0,0
44,83.0,0.0,0
30,79.0,0.0,0
63,102.0,0.0,0
50,155.0,0.0,0
40,138.0,0.0,0
56,51.0,0.0,0
39,80.0,86.0,0
42,135.0,0.0,0
28,34.0,162.0,0
26,195.0,0.0,1
58,62.0,217.0,0
38,173.0,243.0,0
23,149.0,0.0,0
53,20.0,131.0,0
54,42.0,0.0,0
42,28.0,0.0,0
54,95.0,0.0,0
66,95.0,0.0,0
46,34.0,124.0,0
63,191.0,205.0,1
63,41.0,173.0,0
58,150.0,481.0,0
65,91.0,146.0,0
35,84.0,0.0,0
33,73.0,140.0,0
43,122.0,0.0,0
30,73.0,133.0,0
61,20.0,0.0,0
49,130.0,281.0,1
52,85.0,0.0,1
45,134.0,0.0,0
64,98.0,80.0,0
26,54.0,0.0,0
35,41.0,0.0,0
45,128.0,0.0,1
44,132.0,308.0,1
34,188.0,0.0,1
65,170.0,0.0,1
32,14.0,111.0,0
41,93.0,0.0,0
52,79.0,0.0,0
35,79.0,0.0,0
51,62.0,119.0,0
30,95.0,0.0,0
58,60.0,0.0,0
49,75.0,0.0,0
63,85.0,0.0,0
40,143.0,0.0,0
27,34.0,112.0,0
38,44.0,0.0,0
52,31.0,151.0,0
49,13.0,111.0,0
59,52.0,0.0,0
32,42.0,102.0,0
30,102.0,139.0,0
64,143.0,0.0,1
59,10.0,0.0,0
62,44.0,0.0,0
61,158.0,306.0,0
53,12.0,0.0,0
51,59.0,139.0,0
55,92.0,0.0,0
36,82.0,0.0,0
44,44.0,0.0,0
26,182.0,0.0,1
54,121.0,0.0,0
35,38.0,0.0,0
34,92.0,0.0,0
28,53.0,0.0,0
32,45.0,83.0,0
38,63.0,0.0,0
53,181.0,0.0,0
26,184.0,577.0,1
45,33.0,136.0,0
58,22.0,0.0,0
59,99.0,0.0,0
45,44.0,193.0,0
64,101.0,0.0,0
30,32.0,0.0,0
40,59.0,0.0,0
61,25.0,0.0,0
40,140.0,0.0,1
40,29.0,0.0,0
43,35.0,0.0,0
39,141.0,0.0,1
35,75.0,79.0,0
38,58.0,0.0,0
67,41.0,0.0,0
55,42.0,196.0,0
28,55.0,0.0,0
30,18.0,84.0,0
59,75.0,0.0,0
26,85.0,0.0,0
52,43.0,0.0,0
40,149.0,319.0,0
31,25.0,0.0,0
50,19.0,103.0,0
27,18.0,0.0,0
64,13.0,0.0,0
34,41.0,0.0,0
30,139.0,0.0,0
39,62.0,131.0,0
34,51.0,130.0,0
40,71.0,272.0,0
33,145.0,0.0,1
38,45.0,138.0,0
42,53.0,0.0,0
37,64.0,0.0,0
33,39.0,0.0,0
60,38.0,0.0,0
28,85.0,0.0,0
45,61.0,0.0,0
56,23.0,127.0,0
53,122.0,330.0,0
37,72.0,0.0,0
47,123.0,0.0,0
58,40.0,0.0,0
52,62.0,0.0,0
46,113.0,0.0,0
52,81.0,0.0,0
24,59.0,0.0,0
57,25.0,103.0,0
66,25.0,0.0,0
30,14.0,0.0,0
48,19.0,0.0,0
63,61.0,0.0,0
48,21.0,0.0,0
34,44.0,0.0,0
60,42.0,0.0,0
55,52.0,207.0,0
50,112.0,0.0,0
29,34.0,0.0,0
61,83.0,245.0,0
50,24.0,137.0,0
37,71.0,0.0,0
64,181.0,0.0,1
43,75.0,102.0,0
39,153.0,0.0,0
23,75.0,0.0,0
34,19.0,0.0,0
29,31.0,0.0,0
33,178.0,0.0,1
60,65.0,220.0,0
49,8.0,97.0,0
54,92.0,0.0,0
59,145.0,198.0,1
42,85.0,272.0,0
62,149.0,0.0,0
63,9.0,100.0,0
57,164.0,422.0,1
61,40.0,100.0,0
35,54.0,0.0,0
26,164.0,301.0,1
33,140.0,0.0,0
31,18.0,0.0,0
51,12.0,0.0,0
55,140.0,0.0,0
38,24.0,0.0,0
38,60.0,0.0,0
53,50.0,0.0,0
62,44.0,0.0,0
35,51.0,110.0,0
46,34.0,116.0,0
60,33.0,0.0,0
63,63.0,0.0,0
43,22.0,0.0,0
33,104.0,0.0,1
43,75.0,0.0,0
62,75.0,0.0,0
48,62.0,83.0,0
38,48.0,169.0,0
36,73.0,0.0,0
49,135.0,82.0,0
61,61.0,117.0,0
49,78.0,0.0,0
59,40.0,0.0,0
30,44.0,0.0,0
44,45.0,0.0,0
67,18.0,0.0,0
59,53.0,174.0,0
37,11.0,0.0,0
50,38.0,0.0,0
56,28.0,0.0,0
29,35.0,88.0,0
55,81.0,171.0,0
48,90.0,205.0,0
32,115.0,0.0,0
47,78.0,0.0,0
46,30.0,0.0,0
33,39.0,0.0,0
39,69.0,0.0,0
60,29.0,79.0,0
39,54.0,0.0,0
34,60.0,0.0,0
55,99.0,0.0,0
67,51.0,0.0,0
40,53.0,0.0,0
44,111.0,0.0,1
56,79.0,302.0,0
50,90.0,0.0,0
31,18.0,124.0,0
66,73.0,0.0,0
43,59.0,91.0,0
58,40.0,0.0,0
33,41.0,0.0,0
33,53.0,0.0,0
32,128.0,0.0,0
55,145.0,0.0,1
25,35.0,0.0,0
40,28.0,0.0,0
54,155.0,256.0,0
36,195.0,0.0,0
35,50.0,0.0,0
44,48.0,0.0,0
38,81.0,0.0,0
30,50.0,0.0,0
39,21.0,0.0,0
35,142.0,0.0,0
41,64.0,0.0,0
56,91.0,0.0,0
52,74.0,0.0,0
29,182.0,0.0,1
38,82.0,0.0,0
51,45.0,0.0,0
45,85.0,0.0,0
51,133.0,328.0,0
53,22.0,0.0,0
50,24.0,0.0,0
59,38.0,178.0,0
57,80.0,0.0,0
45,33.0,108.0,0
27,41.0,147.0,0
40,90.0,0.0,0
39,89.0,153.0,0
26,8.0,0.0,0
27,85.0,0.0,0
55,53.0,0.0,0
64,20.0,0.0,0
41,9.0,0.0,0
46,25.0,0.0,0
43,114.0,0.0,0
24,41.0,0.0,0
29,49.0,0.0,0
58,12.0,0.0,0
45,50.0,0.0,0
53,30.0,0.0,0
45,32.0,77.0,0
32,41.0,0.0,0
56,25.0,0.0,0
31,29.0,0.0,0
29,50.0,0.0,0
48,79.0,0.0,0
36,110.0,0.0,0
36,40.0,129.0,0
41,18.0,0.0,0
48,48.0,0.0,0
27,40.0,0.0,0
33,19.0,92.0,0
31,35.0,131.0,0
48,133.0,0.0,1
59,19.0,0.0,0
41,83.0,0.0,0
42,39.0,0.0,0
62,38.0,0.0,0
62,63.0,0.0,0
51,85.0,0.0,0
48,14.0,0.0,0
56,64.0,0.0,0
62,124.0,405.0,0
53,20.0,0.0,0
62,33.0,0.0,0
28,80.0,0.0,0
61,35.0,0.0,0
48,74.0,0.0,0
50,32.0,0.0,0
58,73.0,241.0,0
53,41.0,0.0,0
65,18.0,0.0,0
27,28.0,0.0,0
50,64.0,0.0,0
50,44.0,192.0,0
41,109.0,0.0,0
43,71.0,179.0,0
55,79.0,0.0,0
33,30.0,0.0,0
44,82.0,0.0,0
47,101.0,270.0,0
43,13.0,0.0,0
59,59.0,0.0,0
65,64.0,0.0,0
28,188.0,0.0,0
58,28.0,148.0,0
33,120.0,76.0,1
24,131.0,0.0,0
46,19.0,97.0,0
26,44.0,0.0,0
47,49.0,0.0,0
32,99.0,249.0,0
58,95.0,0.0,0
32,81.0,0.0,0
46,73.0,264.0,0
35,193.0,0.0,0
53,115.0,0.0,1
55,41.0,0.0,0
63,80.0,0.0,0
45,90.0,0.0,0
58,41.0,81.0,0
50,102.0,0.0,0
37,59.0,0.0,0
25,69.0,0.0,0
52,83.0,0.0,1
26,49.0,0.0,0
35,180.0,571.0,1
58,61.0,0.0,0
37,59.0,0.0,0
35,85.0,0.0,0
31,13.0,0.0,0
58,151.0,0.0,1
43,44.0,0.0,0
43,53.0,154.0,0
54,133.0,0.0,1
53,31.0,78.0,0
32,101.0,0.0,0
37,61.0,0.0,0
34,68.0,0.0,0
51,21.0,0.0,0
49,149.0,0.0,0
54,75.0,0.0,0
37,55.0,0.0,0
57,81.0,226.0,0
37,179.0,0.0,0
32,81.0,0.0,1
48,42.0,0.0,0
44,199.0,0.0,0
50,18.0,0.0,0
44,28.0,0.0,0
54,80.0,143.0,0
37,79.0,104.0,0
34,52.0,0.0,0
32,18.0,0.0,0
63,52.0,218.0,0
56,15.0,102.0,0
37,84.0,0.0,0
66,114.0,0.0,0
38,41.0,0.0,0
35,29.0,126.0,0
61,23.0,96.0,0
52,84.0,0.0,0
57,60.0,0.0,0
47,13.0,0.0,0
50,45.0,0.0,0
36,83.0,0.0,0
45,102.0,81.0,1
58,58.0,169.0,0
27,134.0,307.0,1
27,130.0,0.0,1
48,148.0,0.0,0
46,92.0,0.0,0
32,142.0,120.0,1
54,62.0,0.0,0
31,50.0,0.0,0
42,29.0,0.0,0
30,85.0,293.0,0
41,78.0,0.0,0
44,85.0,0.0,0
37,89.0,0.0,0
51,33.0,0.0,0
30,42.0,0.0,0
36,31.0,124.0,0
65,143.0,0.0,1
33,35.0,0.0,0
58,22.0,0.0,0
34,45.0,84.0,0
38,119.0,0.0,0
59,43.0,0.0,0
37,75.0,0.0,0
59,121.0,0.0,0
47,63.0,0.0,0
48,58.0,0.0,0
38,184.0,0.0,1
34,155.0,0.0,0
44,69.0,0.0,0
33,188.0,581.0,1
47,38.0,0.0,0
41,9.0,0.0,0
36,69.0,0.0,0
28,199.0,0.0,0
59,38.0,0.0,0
43,129.0,0.0,0
56,59.0,0.0,0
28,115.0,200.0,0
62,83.0,0.0,0
40,65.0,0.0,0
34,72.0,124.0,0
52,72.0,0.0,0
40,63.0,221.0,0
27,64.0,0.0,0
52,194.0,0.0,0
39,104.0,0.0,0
52,180.0,550.0,0
50,18.0,88.0,0
40,93.0,328.0,0
35,32.0,137.0,0
39,68.0,0.0,0
25,38.0,0.0,0
33,115.0,283.0,0
26,161.0,0.0,0
46,154.0,94.0,0
27,68.0,0.0,0
55,44.0,0.0,0
52,149.0,0.0,0
59,103.0,0.0,0
63,41.0,0.0,0
61,113.0,0.0,0
58,48.0,0.0,0
29,69.0,0.0,0
51,43.0,164.0,0
59,19.0,0.0,0
41,65.0,0.0,0
59,32.0,0.0,0
52,20.0,0.0,0
39,25.0,0.0,0
45,70.0,0.0,0
59,70.0,0.0,0
49,103.0,167.0,0
48,162.0,400.0,1
61,61.0,153.0,0
31,170.0,0.0,0
42,49.0,0.0,0
35,108.0,0.0,1
57,62.0,0.0,0
54,102.0,0.0,0
61,141.0,0.0,1
60,8.0,0.0,0
59,91.0,0.0,0
62,10.0,0.0,0
26,35.0,119.0,0
41,71.0,0.0,0
65,59.0,0.0,0
25,14.0,0.0,0
25,122.0,0.0,0
27,81.0,307.0,0
65,35.0,150.0,0
60,83.0,75.0,0
29,121.0,0.0,0
32,35.0,0.0,0
32,140.0,0.0,1
41,88.0,0.0,0
52,70.0,0.0,0
40,63.0,0.0,0
39,125.0,0.0,0
34,21.0,0.0,0
34,75.0,0.0,0
34,38.0,0.0,0
41,58.0,0.0,0
59,31.0,0.0,0
40,18.0,0.0,0
52,29.0,159.0,0
37,29.0,0.0,0
39,69.0,247.0,0
49,121.0,0.0,0
63,64.0,147.0,0
34,84.0,323.0,0
51,65.0,0.0,0
61,85.0,0.0,0
56,44.0,153.0,0
62,174.0,0.0,0
56,178.0,0.0,0
58,55.0,0.0,0
58,25.0,90.0,0
50,21.0,0.0,0
44,72.0,0.0,0
49,129.0,0.0,0
31,18.0,0.0,0
49,91.0,0.0,0
43,38.0,144.0,0
31,21.0,0.0,0
66,38.0,0.0,0
41,154.0,0.0,0
39,178.0,207.0,0
46,85.0,0.0,0
57,93.0,161.0,0
59,151.0,0.0,0
30,78.0,236.0,0
26,135.0,0.0,0
46,40.0,116.0,0
66,80.0,0.0,0
50,18.0,0.0,0
61,74.0,0.0,0
37,94.0,232.0,0
51,173.0,0.0,1
56,88.0,0.0,0
58,82.0,263.0,0
41,54.0,0.0,0
35,45.0,101.0,0
38,39.0,0.0,0
26,20.0,116.0,0
35,93.0,0.0,0
36,85.0,0.0,0
26,95.0,0.0,0
53,48.0,0.0,0
56,22.0,0.0,0
44,33.0,171.0,0
47,40.0,156.0,0
32,30.0,78.0,0
52,22.0,0.0,0
39,20.0,0.0,0
47,49.0,0.0,0
35,25.0,0.0,0
26,150.0,0.0,0
43,32.0,0.0,0
52,9.0,0.0,0
30,23.0,0.0,0
36,18.0,0.0,0
48,42.0,121.0,0
36,39.0,153.0,0
58,84.0,0.0,0
35,101.0,150.0,1
59,43.0,0.0,0
36,28.0,130.0,0
45,59.0,155.0,0
56,29.0,146.0,0
46,39.0,101.0,0
26,42.0,0.0,0
37,24.0,0.0,0
44,62.0,0.0,0
44,33.0,142.0,0
33,73.0,135.0,0
34,88.0,121.0,0
35,58.0,0.0,0
48,48.0,0.0,0
58,40.0,0.0,0
30,160.0,249.0,0
62,39.0,0.0,0
40,53.0,0.0,0
42,32.0,0.0,0
43,32.0,0.0,0
58,11.0,96.0,0
36,123.0,0.0,1
29,184.0,612.0,1
49,60.0,142.0,0
60,41.0,0.0,0
58,99.0,0.0,0
50,83.0,0.0,0
46,134.0,0.0,0
45,85.0,0.0,0
32,41.0,179.0,0
42,44.0,0.0,0
30,62.0,0.0,0
60,149.0,0.0,0
46,115.0,0.0,1
32,25.0,0.0,0
56,84.0,0.0,0
56,81.0,225.0,0
30,181.0,230.0,0
52,62.0,0.0,0
31,11.0,80.0,0
37,60.0,217.0,0
30,42.0,144.0,0
29,83.0,0.0,0
49,109.0,0.0,0
49,70.0,217.0,0
65,25.0,113.0,0
54,72.0,218.0,0
36,183.0,0.0,0
56,44.0,0.0,0
34,52.0,0.0,0
33,18.0,0.0,0
59,40.0,135.0,0
49,174.0,590.0,1
61,41.0,0.0,0
31,81.0,313.0,0
45,128.0,0.0,0
35,135.0,0.0,1
37,65.0,260.0,0
58,145.0,119.0,0
49,65.0,0.0,0
63,119.0,0.0,0
55,124.0,0.0,0
38,33.0,0.0,0
45,41.0,0.0,0
44,105.0,0.0,0
58,130.0,0.0,0
56,80.0,0.0,0
37,115.0,0.0,0
50,62.0,0.0,0
34,165.0,541.0,1
51,34.0,128.0,0
49,18.0,121.0,0
33,44.0,0.0,0
61,25.0,142.0,0
41,52.0,0.0,0
50,133.0,342.0,1
41,71.0,0.0,0
38,61.0,0.0,0
51,62.0,118.0,0
63,33.0,0.0,0
55,28.0,0.0,0
46,53.0,187.0,0
27,69.0,0.0,0
59,165.0,0.0,0
26,75.0,0.0,0
61,54.0,0.0,0
44,142.0,0.0,1
53,53.0,0.0,0
34,41.0,0.0,0
40,43.0,98.0,0
56,79.0,0.0,0
57,24.0,140.0,0
43,73.0,0.0,0
38,129.0,0.0,1
60,50.0,0.0,0
54,28.0,0.0,0
51,64.0,0.0,0
41,49.0,0.0,0
25,121.0,158.0,0
58,58.0,0.0,0
61,51.0,0.0,0
56,61.0,0.0,0
43,35.0,120.0,0
42,39.0,0.0,0
48,74.0,0.0,0
45,201.0,0.0,0
40,81.0,0.0,0
43,44.0,0.0,0
52,19.0,96.0,0
54,85.0,299.0,0
26,74.0,0.0,0
26,54.0,0.0,0
33,58.0,0.0,0
40,18.0,119.0,0
64,88.0,243.0,0
62,19.0,89.0,0
54,49.0,128.0,0
34,101.0,0.0,0
40,138.0,0.0,0
41,25.0,0.0,0
48,120.0,0.0,0
46,153.0,0.0,0
51,28.0,94.0,0
30,110.0,0.0,0
65,94.0,0.0,0
49,48.0,0.0,0
29,123.0,0.0,0
36,33.0,82.0,0
50,42.0,110.0,0
41,68.0,0.0,0
42,28.0,91.0,0
37,42.0,0.0,0
31,28.0,0.0,0
40,73.0,0.0,0
36,89.0,0.0,0
64,82.0,0.0,0
37,83.0,0.0,0
43,121.0,0.0,1
57,28.0,98.0,0
62,39.0,0.0,0
63,110.0,109.0,0
57,55.0,0.0,0
59,111.0,0.0,0
47,94.0,0.0,0
26,85.0,0.0,0
59,81.0,0.0,0
45,94.0,0.0,0
33,162.0,0.0,0
61,80.0,0.0,0
54,70.0,116.0,0
46,19.0,0.0,0
28,112.0,0.0,1
52,109.0,308.0,0
26,12.0,0.0,0
49,33.0,0.0,0
42,49.0,106.0,0
51,42.0,0.0,0
39,41.0,108.0,0
44,43.0,0.0,0
29,64.0,249.0,0
47,19.0,0.0,0
53,65.0,0.0,0
29,53.0,0.0,0
47,32.0,75.0,0
45,22.0,0.0,0
63,39.0,0.0,0
39,59.0,0.0,0
29,50.0,0.0,0
50,19.0,0.0,0
51,55.0,197.0,0
58,81.0,0.0,0
39,108.0,0.0,0
46,122.0,0.0,1
32,98.0,306.0,0
53,110.0,0.0,0
29,33.0,78.0,0
41,34.0,143.0,0
41,69.0,0.0,0
58,41.0,0.0,0
45,60.0,250.0,0
37,95.0,0.0,0
58,73.0,0.0,0
58,41.0,148.0,0
31,68.0,0.0,0
59,64.0,0.0,0
38,29.0,0.0,0
29,31.0,0.0,0
40,54.0,0.0,0
57,63.0,0.0,0
50,92.0,213.0,0
29,135.0,0.0,1
34,195.0,122.0,0
36,45.0,0.0,0
51,72.0,0.0,0
27,98.0,0.0,0
48,30.0,162.0,0
32,78.0,0.0,0
48,43.0,159.0,0
34,85.0,136.0,0
24,38.0,0.0,0
55,58.0,219.0,0
51,92.0,100.0,0
30,13.0,0.0,0
45,218.0,0.0,0
64,75.0,0.0,0
29,40.0,0.0,0
30,15.0,85.0,0
63,24.0,0.0,0
65,49.0,0.0,0
28,83.0,0.0,0
